

-- Truncate all tables
TRUNCATE TABLE 
    food_order,
    payment,
    feedback,
    overnight_room_reservation,
    meeting_room_reservation,
    reservation,
    overnight_room,
    meeting_room,
    employee_details,
    user_authentication,
    hotel,
    "user"
RESTART IDENTITY CASCADE;

-- Insert Users
INSERT INTO "user" (first_name, middle_name, last_name, email, phone_number, created_at) VALUES
('Amelia', 'Rose', 'Davis', 'amelia.davis95@elysian.com', '091244250', '2023-01-01 10:00:00'),
('Hannah', NULL, 'Jackson', 'hannah.jackson48@elysian.com', '091649596', '2023-01-15 14:22:00'),
('Evelyn', 'Marie', 'Rodriguez', 'evelyn.rodriguez28@elysian.com', '091761294', '2023-02-10 09:30:00'),
('Matthew', NULL, 'Gonzalez', 'matthew.gonzalez87@elysian.com', '091264389', '2023-03-03 16:45:00'),
('Chloe', NULL, 'Jones', 'chloe.jones69@elysian.com', '091128191', '2023-03-25 11:12:00'),
('Evelyn', NULL, 'Garcia', 'evelyn.garcia23@elysian.com', '091631753', '2023-04-02 08:50:00'),
('John', 'Michael', 'Garcia', 'john.garcia7@gmail.com', '091737632', '2023-04-30 18:05:00'),
('Emma', 'Grace', 'Hernandez', 'emma.hernandez72@gmail.com', '091542784', '2023-05-12 13:37:00'),
('James', NULL, 'Williams', 'james.williams8@gmail.com', '091886040', '2023-06-01 09:01:00'),
('Luke', NULL, 'Smith', 'luke.smith86@gmail.com', '091431735', '2023-06-20 15:45:00'),
('Sophia', 'Elizabeth', 'Anderson', 'sophia.anderson5@gmail.com', '091663069', '2023-07-08 10:22:00'),
('Sarah', NULL, 'Garcia', 'sarah.garcia46@gmail.com', '091818159', '2023-07-29 07:30:00'),
('David', NULL, 'Lopez', 'david.lopez7@gmail.com', '091491147', '2023-08-14 11:15:00'),
('Emma', NULL, 'Anderson', 'emma.anderson15@gmail.com', '091913398', '2023-08-29 16:50:00'),
('Emily', 'Noelle', 'Williams', 'emily.williams8@gmail.com', '091615640', '2023-09-20 12:10:00'),
('Samuel', 'James', 'Moore', 'samuel.moore40@gmail.com', '091527049', '2023-10-11 08:22:00'),
('Benjamin', NULL, 'Rodriguez', 'benjamin.rodriguez78@gmail.com', '091996595', '2023-10-28 14:00:00'),
('Liam', NULL, 'Gonzalez', 'liam.gonzalez92@gmail.com', '091607750', '2023-11-14 17:00:00'),
('Sophia', NULL, 'Davis', 'sophia.davis51@gmail.com', '091359122', '2023-12-02 09:45:00'),
('Sarah', 'Anne', 'Martin', 'sarah.martin48@gmail.com', '091701692', '2023-12-20 10:11:00'),
('Matthew', NULL, 'Hernandez', 'matthew.hernandez62@gmail.com', '091428508', '2024-01-10 15:32:00'),
('James', 'Alexander', 'Rodriguez', 'james.rodriguez99@gmail.com', '091892723', '2024-01-28 07:22:00'),
('Andrew', NULL, 'Garcia', 'andrew.garcia21@gmail.com', '091937032', '2024-02-20 11:18:00'),
('Ethan', NULL, 'Martin', 'ethan.martin33@gmail.com', '091346373', '2024-03-09 13:44:00'),
('Amelia', NULL, 'Thomas', 'amelia.thomas55@gmail.com', '091919409', '2024-04-01 16:33:00'),
('Andrew', 'Joseph', 'Johnson', 'andrew.johnson19@gmail.com', '091266889', '2024-04-19 08:00:00'),
('Isabella', NULL, 'Martin', 'isabella.martin57@gmail.com', '091711745', '2024-05-12 14:50:00'),
('John', NULL, 'Davis', 'john.davis80@gmail.com', '091201938', '2024-06-03 17:35:00'),
('Evelyn', 'Claire', 'Martin', 'evelyn.martin46@gmail.com', '091702141', '2024-06-25 10:14:00'),
('James', NULL, 'Martin', 'james.martin14@gmail.com', '091835189', '2024-07-14 11:28:00'),
('Isabella', 'Louise', 'Martinez', 'isabella.martinez19@gmail.com', '091827518', '2024-08-02 09:21:00'),
('Olivia', NULL, 'Jackson', 'olivia.jackson88@gmail.com', '091799588', '2024-08-24 13:45:00'),
('Daniel', 'Andrew', 'Jones', 'daniel.jones71@gmail.com', '091634327', '2024-09-10 18:01:00'),
('Mia', NULL, 'Brown', 'mia.brown41@gmail.com', '091588220', '2024-09-30 10:20:00'),
('Joseph', 'Daniel', 'Anderson', 'joseph.anderson15@gmail.com', '091857349', '2024-10-19 07:15:00'),
('Samuel', NULL, 'Jackson', 'samuel.jackson14@gmail.com', '091702437', '2024-11-07 14:00:00'),
('Benjamin', 'Lee', 'Williams', 'benjamin.williams16@gmail.com', '091379347', '2024-11-26 08:30:00'),
('Matthew', 'Henry', 'Brown', 'matthew.brown56@gmail.com', '091817450', '2024-12-15 16:44:00'),
('Andrew', NULL, 'Anderson', 'andrew.anderson38@gmail.com', '091682074', '2025-01-02 10:30:00'),
('Andrew', 'Paul', 'Thomas', 'andrew.thomas62@gmail.com', '091802369', '2025-01-22 09:20:00');

-- Insert Hotels
INSERT INTO hotel (name, hotel_address, room_quantity, capacity, branch_manager_id) VALUES
('Elysian Hotel Yerevan', ROW('10 Mashtots Ave', 'Yerevan', 'Armenia'), 80, 160, 1),
('Elysian Hotel Tsaghkadzor', ROW('4 Olympic Street', 'Tsaghkadzor', 'Armenia'), 60, 120, 2),
('Elysian Hotel Dilijan', ROW('22 Forest Lane', 'Dilijan', 'Armenia'), 50, 100, 3),
('Elysian Hotel Gyumri', ROW('6 Vardanants Square', 'Gyumri', 'Armenia'), 70, 140, 4),
('Elysian Hotel Sevan', ROW('1 Lake View Road', 'Sevan', 'Armenia'), 40, 80, 5);

-- Insert User Authentication
INSERT INTO user_authentication (user_id, password_hash, password_last_updated) VALUES (1, 'hash_1', NOW()),
(2, 'hash_2', NOW()),
(3, 'hash_3', NOW()),
(4, 'hash_4', NOW()),
(5, 'hash_5', NOW()),
(6, 'hash_6', NOW()),
(7, 'hash_7', NOW()),
(8, 'hash_8', NOW()),
(9, 'hash_9', NOW()),
(10, 'hash_10', NOW()),
(11, 'hash_11', NOW()),
(12, 'hash_12', NOW()),
(13, 'hash_13', NOW()),
(14, 'hash_14', NOW()),
(15, 'hash_15', NOW()),
(16, 'hash_16', NOW()),
(17, 'hash_17', NOW()),
(18, 'hash_18', NOW()),
(19, 'hash_19', NOW()),
(20, 'hash_20', NOW()),
(21, 'hash_21', NOW()),
(22, 'hash_22', NOW()),
(23, 'hash_23', NOW()),
(24, 'hash_24', NOW()),
(25, 'hash_25', NOW()),
(26, 'hash_26', NOW()),
(27, 'hash_27', NOW()),
(28, 'hash_28', NOW()),
(29, 'hash_29', NOW()),
(30, 'hash_30', NOW()),
(31, 'hash_31', NOW()),
(32, 'hash_32', NOW()),
(33, 'hash_33', NOW()),
(34, 'hash_34', NOW()),
(35, 'hash_35', NOW()),
(36, 'hash_36', NOW()),
(37, 'hash_37', NOW()),
(38, 'hash_38', NOW()),
(39, 'hash_39', NOW()),
(40, 'hash_40', NOW());

-- Insert Employee Details
INSERT INTO employee_details (user_id, role, contract_start, supervisor_id, salary, salary_transaction_account, hotel_id) VALUES (1, 'branch_manager', '2024-03-11', NULL, 600000, '491823057489', 1),
(2, 'branch_manager', '2023-09-03', NULL, 300000, '704982314092', 2),
(3, 'branch_manager', '2024-01-05', NULL, 400000, '780294156320', 3),
(4, 'branch_manager', '2023-09-03', NULL, 300000, '704982314092', 4),
(5, 'branch_manager', '2024-01-05', NULL, 400000, '780294156320', 5),
(14, 'cleaner', '2024-02-15', 5, 100000, '581092340129', 5),
(26, 'support_agent', '2023-11-04', 1, 200000, '903412789654', 1),
(20, 'cleaner', '2023-06-27', 3, 500000, '349827104593', 3),
(18, 'security_guard', '2023-10-12', 3, 300000, '657231908574', 3),
(23, 'lobby_attendant', '2023-08-22', 5, 120000, '812563947512', 5),
(33, 'security_guard', '2023-12-17', 4, 500000, '189203845720', 4),
(6, 'cleaner', '2024-02-02', 4, 100000, '932084157230', 4),
(37, 'lobby_attendant', '2024-01-22', 4, 200000, '192837465001', 4),
(8, 'front_desk_agent', '2023-05-14', 4, 100000, '234819027340', 4),
(25, 'security_guard', '2024-02-09', 1, 400000, '817230495872', 1),
(11, 'lobby_attendant', '2023-07-29', 3, 300000, '549820375198', 3),
(10, 'front_desk_agent', '2023-04-01', 1, 100000, '982034857091', 1);

-- Insert Overnight Rooms
INSERT INTO overnight_room (hotel_id, room_number, price_per_night, capacity, room_type) VALUES (1, '100', 181, 4, 'double'),
(1, '101', 279, 4, 'double'),
(1, '102', 295, 1, 'double'),
(1, '103', 146, 3, 'penthouse'),
(1, '104', 235, 5, 'studio'),
(1, '105', 78, 3, 'twin'),
(1, '106', 206, 4, 'suite'),
(1, '107', 86, 2, 'villa'),
(1, '108', 87, 1, 'suite'),
(1, '109', 173, 1, 'double'),
(2, '200', 110, 5, 'twin'),
(2, '201', 189, 1, 'penthouse'),
(2, '202', 174, 4, 'twin'),
(2, '203', 251, 5, 'villa'),
(2, '204', 132, 5, 'single'),
(2, '205', 157, 1, 'villa'),
(2, '206', 200, 4, 'suite'),
(2, '207', 53, 5, 'quad'),
(2, '208', 193, 4, 'single'),
(2, '209', 163, 2, 'twin'),
(3, '300', 94, 1, 'studio'),
(3, '301', 64, 4, 'double'),
(3, '302', 245, 1, 'quad'),
(3, '303', 125, 1, 'single'),
(3, '304', 125, 1, 'suite'),
(3, '305', 166, 3, 'quad'),
(3, '306', 188, 1, 'penthouse'),
(3, '307', 256, 2, 'penthouse'),
(3, '308', 141, 5, 'penthouse'),
(3, '309', 110, 3, 'quad'),
(4, '400', 51, 5, 'suite'),
(4, '401', 252, 2, 'double'),
(4, '402', 77, 3, 'penthouse'),
(4, '403', 259, 5, 'studio'),
(4, '404', 211, 1, 'twin'),
(4, '405', 180, 4, 'quad'),
(4, '406', 261, 2, 'studio'),
(4, '407', 95, 1, 'twin'),
(4, '408', 217, 1, 'single'),
(4, '409', 216, 4, 'suite'),
(5, '500', 180, 2, 'twin'),
(5, '501', 256, 2, 'twin'),
(5, '502', 88, 1, 'twin'),
(5, '503', 184, 2, 'penthouse'),
(5, '504', 56, 5, 'suite'),
(5, '505', 78, 5, 'double'),
(5, '506', 197, 3, 'quad'),
(5, '507', 277, 5, 'single'),
(5, '508', 221, 3, 'quad'),
(5, '509', 57, 3, 'quad');

-- Insert Meeting Rooms
INSERT INTO meeting_room (hotel_id, room_number, hourly_rate, capacity, room_type, room_equipment) VALUES (1, 'M1', 42, 42, 'classroom', 'screen'),
(1, 'M2', 114, 12, 'u-shaped', 'screen'),
(1, 'M3', 84, 49, 'u-shaped', 'video-conferencing'),
(1, 'M4', 133, 19, 'cluster', 'video-conferencing'),
(2, 'M1', 83, 50, 'u-shaped', 'screen'),
(2, 'M2', 103, 33, 'conference', 'whiteboard'),
(2, 'M3', 43, 29, 'classroom', 'projector'),
(2, 'M4', 50, 22, 'circular', 'projector'),
(3, 'M1', 94, 31, 'classroom', 'projector'),
(3, 'M2', 72, 47, 'cluster', 'video-conferencing'),
(3, 'M3', 39, 24, 'cluster', 'projector'),
(3, 'M4', 128, 27, 'conference', 'whiteboard'),
(4, 'M1', 47, 27, 'circular', 'whiteboard'),
(4, 'M2', 99, 40, 'conference', 'video-conferencing'),
(4, 'M3', 127, 45, 'circular', 'video-conferencing'),
(4, 'M4', 54, 35, 'cluster', 'projector'),
(5, 'M1', 100, 22, 'conference', 'whiteboard'),
(5, 'M2', 88, 29, 'theater', 'projector'),
(5, 'M3', 93, 50, 'u-shaped', 'whiteboard'),
(5, 'M4', 140, 32, 'classroom', 'screen');

-- Insert Reservations
INSERT INTO reservation (user_id, check_in_date, check_out_date, total_cost, guest_count, status) VALUES (35, '2024-01-31 20:25:11', '2024-02-06 20:25:11', 887, 2, 'completed'),
(8, '2024-09-28 22:30:57', '2024-09-29 22:30:57', 152, 1, 'canceled'),
(11, '2024-07-02 14:20:27', '2024-07-07 14:20:27', 269, 1, 'reserved'),
(35, '2024-05-04 01:58:02', '2024-05-08 01:58:02', 128, 4, 'completed'),
(1, '2024-05-10 11:02:42', '2024-05-12 11:02:42', 343, 2, 'canceled'),
(35, '2024-08-15 14:45:09', '2024-08-20 14:45:09', 572, 2, 'reserved'),
(33, '2024-01-25 00:02:40', '2024-01-28 00:02:40', 639, 2, 'reserved'),
(27, '2024-08-09 15:39:46', '2024-08-13 15:39:46', 406, 2, 'reserved'),
(17, '2024-02-26 12:12:38', '2024-03-04 12:12:38', 577, 2, 'completed'),
(24, '2024-05-11 03:33:05', '2024-05-13 03:33:05', 599, 2, 'completed'),
(11, '2024-09-18 00:17:09', '2024-09-21 00:17:09', 255, 1, 'canceled'),
(16, '2024-10-16 11:15:17', '2024-10-18 11:15:17', 279, 3, 'canceled'),
(32, '2024-11-08 09:26:48', '2024-11-12 09:26:48', 498, 1, 'completed'),
(30, '2024-09-09 15:42:39', '2024-09-10 15:42:39', 284, 2, 'canceled'),
(24, '2024-02-25 09:35:38', '2024-02-26 09:35:38', 805, 4, 'canceled'),
(31, '2024-11-05 05:38:20', '2024-11-07 05:38:20', 787, 4, 'completed'),
(23, '2024-11-12 11:44:26', '2024-11-13 11:44:26', 440, 4, 'canceled'),
(31, '2024-12-24 04:54:52', '2024-12-26 04:54:52', 153, 1, 'reserved'),
(29, '2024-10-23 01:10:29', '2024-10-28 01:10:29', 313, 4, 'canceled'),
(32, '2024-01-10 00:56:48', '2024-01-15 00:56:48', 341, 1, 'completed'),
(23, '2024-07-29 20:40:24', '2024-07-30 20:40:24', 932, 3, 'canceled'),
(19, '2024-01-21 08:48:58', '2024-01-28 08:48:58', 193, 2, 'completed'),
(39, '2024-05-12 09:51:14', '2024-05-19 09:51:14', 594, 1, 'completed'),
(40, '2024-01-06 00:27:00', '2024-01-08 00:27:00', 509, 1, 'completed'),
(1, '2024-06-16 16:06:05', '2024-06-22 16:06:05', 926, 1, 'completed'),
(30, '2024-03-18 13:27:19', '2024-03-20 13:27:19', 456, 2, 'completed'),
(28, '2024-02-21 22:10:45', '2024-02-26 22:10:45', 439, 1, 'completed'),
(19, '2024-08-15 09:44:44', '2024-08-16 09:44:44', 678, 1, 'completed'),
(31, '2024-05-27 02:03:47', '2024-05-28 02:03:47', 831, 4, 'completed'),
(8, '2024-05-29 19:58:06', '2024-06-04 19:58:06', 158, 3, 'canceled'),
(35, '2024-09-10 22:33:18', '2024-09-13 22:33:18', 294, 3, 'completed'),
(24, '2024-08-08 23:10:48', '2024-08-10 23:10:48', 516, 3, 'completed'),
(19, '2024-07-07 07:56:59', '2024-07-12 07:56:59', 524, 4, 'reserved'),
(11, '2024-08-10 19:19:04', '2024-08-12 19:19:04', 767, 3, 'canceled'),
(30, '2024-12-30 11:38:38', '2025-01-05 11:38:38', 390, 3, 'canceled'),
(8, '2024-05-25 06:14:19', '2024-05-26 06:14:19', 468, 2, 'reserved'),
(37, '2024-06-03 20:40:38', '2024-06-10 20:40:38', 626, 3, 'canceled'),
(33, '2024-08-15 07:59:37', '2024-08-17 07:59:37', 307, 3, 'reserved'),
(20, '2024-02-08 03:37:44', '2024-02-14 03:37:44', 666, 2, 'canceled'),
(35, '2024-09-26 15:12:32', '2024-09-29 15:12:32', 391, 3, 'reserved'),
(35, '2024-07-12 15:25:02', '2024-07-17 15:25:02', 901, 1, 'reserved'),
(13, '2024-11-19 09:13:22', '2024-11-21 09:13:22', 991, 3, 'reserved'),
(8, '2024-01-02 05:31:57', '2024-01-03 05:31:57', 749, 3, 'reserved'),
(7, '2024-03-26 04:23:29', '2024-03-31 04:23:29', 825, 4, 'reserved'),
(18, '2024-12-27 23:08:07', '2025-01-02 23:08:07', 600, 3, 'canceled'),
(16, '2024-10-31 17:35:38', '2024-11-01 17:35:38', 868, 2, 'canceled'),
(19, '2024-09-16 05:30:47', '2024-09-22 05:30:47', 228, 2, 'canceled'),
(23, '2024-10-18 17:44:33', '2024-10-25 17:44:33', 664, 3, 'canceled'),
(28, '2024-06-17 07:21:27', '2024-06-18 07:21:27', 768, 2, 'completed'),
(12, '2024-07-01 05:42:00', '2024-07-04 05:42:00', 973, 2, 'canceled'),
(38, '2024-11-13 02:59:07', '2024-11-20 02:59:07', 545, 3, 'canceled'),
(5, '2024-08-09 21:21:23', '2024-08-13 21:21:23', 100, 4, 'reserved'),
(11, '2024-03-02 08:34:13', '2024-03-05 08:34:13', 617, 2, 'canceled'),
(5, '2024-02-26 16:01:49', '2024-03-02 16:01:49', 949, 3, 'canceled'),
(34, '2024-11-04 06:30:31', '2024-11-07 06:30:31', 180, 4, 'canceled'),
(30, '2024-06-29 05:35:18', '2024-07-06 05:35:18', 174, 2, 'completed'),
(31, '2024-12-10 01:23:04', '2024-12-16 01:23:04', 770, 2, 'completed'),
(39, '2024-03-16 00:08:43', '2024-03-18 00:08:43', 176, 1, 'reserved'),
(20, '2024-05-24 01:00:22', '2024-05-30 01:00:22', 179, 2, 'canceled'),
(22, '2024-09-29 00:12:50', '2024-10-06 00:12:50', 685, 4, 'completed'),
(32, '2024-08-12 03:18:11', '2024-08-14 03:18:11', 925, 3, 'completed'),
(9, '2024-10-24 00:11:37', '2024-10-29 00:11:37', 209, 1, 'canceled'),
(33, '2024-03-23 22:45:14', '2024-03-27 22:45:14', 652, 2, 'canceled'),
(7, '2024-05-19 12:39:02', '2024-05-26 12:39:02', 236, 1, 'completed'),
(9, '2024-02-03 09:43:29', '2024-02-08 09:43:29', 820, 2, 'reserved'),
(14, '2024-08-15 02:54:21', '2024-08-20 02:54:21', 185, 1, 'completed'),
(1, '2024-06-16 13:23:18', '2024-06-18 13:23:18', 957, 4, 'completed'),
(35, '2024-11-01 15:05:58', '2024-11-04 15:05:58', 861, 1, 'completed'),
(35, '2024-10-26 06:37:32', '2024-11-02 06:37:32', 865, 2, 'reserved'),
(33, '2024-08-22 12:38:18', '2024-08-29 12:38:18', 741, 1, 'reserved'),
(2, '2024-01-09 22:17:21', '2024-01-11 22:17:21', 960, 1, 'reserved'),
(37, '2024-10-08 18:55:57', '2024-10-11 18:55:57', 672, 3, 'reserved'),
(8, '2024-07-14 23:18:27', '2024-07-19 23:18:27', 644, 4, 'canceled'),
(32, '2024-10-08 19:36:37', '2024-10-11 19:36:37', 885, 2, 'reserved'),
(36, '2024-06-01 04:12:08', '2024-06-04 04:12:08', 299, 1, 'reserved'),
(2, '2024-05-14 23:30:37', '2024-05-16 23:30:37', 944, 1, 'completed'),
(37, '2024-07-22 05:51:37', '2024-07-24 05:51:37', 602, 2, 'reserved'),
(35, '2024-01-20 17:32:03', '2024-01-26 17:32:03', 573, 1, 'completed'),
(1, '2024-11-27 00:46:06', '2024-12-01 00:46:06', 476, 3, 'reserved'),
(22, '2024-07-12 07:36:14', '2024-07-19 07:36:14', 219, 3, 'canceled');

-- Insert Overnight Room Reservations
INSERT INTO overnight_room_reservation (reservation_id, room_id) VALUES (6, 50), 
(65, 38), 
(78, 32), 
(71, 34), 
(30, 12), 
(28, 27), 
(32, 29), 
(20, 24), 
(61, 45), 
(47, 19), 
(26, 13), 
(50, 34), 
(5, 38), 
(79, 36), 
(16, 50), 
(32, 38), 
(53, 48), 
(37, 21), 
(74, 37), 
(20, 24), 
(20, 23), 
(45, 31), 
(72, 1), 
(77, 31), 
(9, 32), 
(3, 16), 
(32, 40), 
(13, 21), 
(70, 20), 
(30, 36), 
(44, 29), 
(8, 39), 
(19, 48), 
(51, 13), 
(71, 4), 
(2, 49), 
(9, 19), 
(70, 16), 
(49, 27), 
(53, 4), 
(24, 30), 
(71, 15), 
(8, 16), 
(8, 3), 
(53, 31), 
(75, 24), 
(41, 9), 
(54, 24), 
(19, 17), 
(66, 39), 
(70, 25), 
(26, 43), 
(3, 41), 
(62, 29), 
(42, 26), 
(17, 2), 
(79, 34), 
(47, 7), 
(35, 44), 
(25, 39);

-- Insert Meeting Room Reservations
INSERT INTO meeting_room_reservation (reservation_id, room_id) VALUES (63, 4),
(17, 15),
(7, 18),
(61, 5),
(55, 5),
(44, 5),
(58, 4),
(77, 11),
(67, 19),
(43, 17),
(52, 11),
(17, 10),
(17, 19),
(16, 14),
(6, 9),
(18, 5),
(34, 7),
(71, 9),
(13, 3),
(33, 17);

-- Insert Payments
INSERT INTO payment (reservation_id, transaction_id, payment_method, amount) VALUES (1, 'TXN1', 'visa', 616),
(2, 'TXN2', 'cash', 893),
(3, 'TXN3', 'check', 399),
(4, 'TXN4', 'check', 323),
(5, 'TXN5', 'arca', 242),
(6, 'TXN6', 'arca', 464),
(7, 'TXN7', 'visa', 484),
(8, 'TXN8', 'master card', 230),
(9, 'TXN9', 'arca', 775),
(10, 'TXN10', 'visa', 612),
(11, 'TXN11', 'check', 679),
(12, 'TXN12', 'visa', 203),
(13, 'TXN13', 'master card', 597),
(14, 'TXN14', 'visa', 786),
(15, 'TXN15', 'master card', 519),
(16, 'TXN16', 'master card', 381),
(17, 'TXN17', 'master card', 451),
(18, 'TXN18', 'master card', 780),
(19, 'TXN19', 'cash', 299),
(20, 'TXN20', 'cash', 457),
(21, 'TXN21', 'visa', 445),
(22, 'TXN22', 'master card', 791),
(23, 'TXN23', 'check', 520),
(24, 'TXN24', 'master card', 985),
(25, 'TXN25', 'arca', 236),
(26, 'TXN26', 'master card', 252),
(27, 'TXN27', 'visa', 875),
(28, 'TXN28', 'check', 237),
(29, 'TXN29', 'cash', 238),
(30, 'TXN30', 'cash', 323),
(31, 'TXN31', 'visa', 851),
(32, 'TXN32', 'visa', 430),
(33, 'TXN33', 'arca', 665),
(34, 'TXN34', 'cash', 225),
(35, 'TXN35', 'check', 719),
(36, 'TXN36', 'arca', 900),
(37, 'TXN37', 'cash', 129),
(38, 'TXN38', 'visa', 471),
(39, 'TXN39', 'arca', 661),
(40, 'TXN40', 'check', 237),
(41, 'TXN41', 'master card', 518),
(42, 'TXN42', 'arca', 268),
(43, 'TXN43', 'arca', 155),
(44, 'TXN44', 'arca', 379),
(45, 'TXN45', 'cash', 307),
(46, 'TXN46', 'arca', 647),
(47, 'TXN47', 'visa', 871),
(48, 'TXN48', 'arca', 644),
(49, 'TXN49', 'visa', 739),
(50, 'TXN50', 'cash', 593),
(51, 'TXN51', 'arca', 117),
(52, 'TXN52', 'visa', 744),
(53, 'TXN53', 'arca', 852),
(54, 'TXN54', 'cash', 788),
(55, 'TXN55', 'visa', 663),
(56, 'TXN56', 'master card', 292),
(57, 'TXN57', 'cash', 936),
(58, 'TXN58', 'cash', 832),
(59, 'TXN59', 'visa', 688),
(60, 'TXN60', 'visa', 666),
(61, 'TXN61', 'visa', 305),
(62, 'TXN62', 'visa', 266),
(63, 'TXN63', 'master card', 390),
(64, 'TXN64', 'master card', 772),
(65, 'TXN65', 'master card', 521),
(66, 'TXN66', 'cash', 874),
(67, 'TXN67', 'arca', 496),
(68, 'TXN68', 'cash', 414),
(69, 'TXN69', 'arca', 763),
(70, 'TXN70', 'check', 996),
(71, 'TXN71', 'cash', 334),
(72, 'TXN72', 'cash', 336),
(73, 'TXN73', 'check', 907),
(74, 'TXN74', 'arca', 327),
(75, 'TXN75', 'master card', 283),
(76, 'TXN76', 'check', 655),
(77, 'TXN77', 'arca', 518),
(78, 'TXN78', 'cash', 108),
(79, 'TXN79', 'cash', 962),
(80, 'TXN80', 'visa', 318);

-- Insert Food Orders
INSERT INTO food_order (reservation_id, order_details, amount, created_at) VALUES
(10, 'Coffee Break', 28.50, '2024-01-15 08:23:12'),
(73, 'Pizza Set', 42.75, '2024-03-22 19:45:30'),
(18, 'Light Breakfast', 35.20, '2024-02-10 22:10:15'),
(11, 'Premium Dinner Set', 78.90, '2024-01-20 20:15:45'),
(42, 'Lunch Set A', 64.00, '2024-05-12 09:30:00'),
(43, 'Mini Bar Refill', 22.50, '2024-05-14 13:20:18'),
(20, 'Romantic Dinner', 125.00, '2024-02-28 21:00:00'),
(14, 'Pasta Dinner', 18.75, '2024-01-25 10:45:33'),
(37, 'Salad Lunch', 32.40, '2024-04-05 20:30:22'),
(51, 'Anniversary Package', 24.90, '2024-06-20 08:15:10'),
(54, 'Salad Dinner', 45.50, '2024-06-25 15:30:45'),
(74, 'Coffee Break', 58.60, '2024-03-25 19:20:15'),
(57, 'Pizza Set', 40.25, '2024-07-10 23:05:18'),
(15, 'Light Breakfast', 27.30, '2024-01-30 09:00:00'),
(41, 'Premium Dinner Set', 26.80, '2024-05-10 12:45:30'),
(75, 'Lunch Set A', 95.00, '2024-03-26 20:00:00'),
(25, 'Mini Bar Refill', 38.50, '2024-03-15 23:15:20'),
(62, 'Romantic Dinner', 36.00, '2024-07-25 08:30:00'),
(59, 'Pasta Dinner', 67.80, '2024-07-15 19:45:00'),
(55, 'Salad Lunch', 52.40, '2024-06-28 23:30:15'),
(8, 'Anniversary Package', 34.50, '2024-01-10 08:00:00'),
(72, 'Salad Dinner', 21.90, '2024-03-20 13:00:00'),
(63, 'Coffee Break', 89.50, '2024-07-28 20:30:00'),
(22, 'Pizza Set', 18.75, '2024-03-01 18:30:00'),
(49, 'Light Breakfast', 19.90, '2024-06-15 09:15:00'),
(40, 'Premium Dinner Set', 24.50, '2024-05-05 21:30:00'),
(1, 'Lunch Set A', 15.00, '2024-01-05 16:00:00'),
(12, 'Mini Bar Refill', 23.40, '2024-01-22 14:30:00'),
(17, 'Romantic Dinner', 45.60, '2024-02-05 19:00:00'),
(61, 'Pasta Dinner', 16.75, '2024-07-20 08:45:00'),
(44, 'Salad Lunch', 20.90, '2024-05-16 12:30:00'),
(52, 'Anniversary Package', 102.50, '2024-06-22 20:15:00'),
(34, 'Salad Dinner', 18.90, '2024-04-20 00:30:00'),
(29, 'Coffee Break', 22.50, '2024-03-10 09:00:00'),
(68, 'Pizza Set', 38.75, '2024-08-05 19:30:00'),
(38, 'Light Breakfast', 28.90, '2024-04-10 20:00:00'),
(69, 'Premium Dinner Set', 21.40, '2024-08-08 08:30:00'),
(30, 'Lunch Set A', 32.50, '2024-03-18 13:15:00'),
(76, 'Mini Bar Refill', 120.00, '2024-08-15 19:00:00'),
(28, 'Romantic Dinner', 26.80, '2024-03-05 21:15:00');


-- Insert Feedback
INSERT INTO feedback (reservation_id, feedback_response, rating) VALUES (19, 'Very good stay!', 1),
(28, 'Very good stay!', 5),
(47, 'Very good stay!', 4),
(52, 'Very good stay!', 1),
(64, 'Very good stay!', 3),
(39, 'Very good stay!', 4),
(24, 'Very good stay!', 2),
(55, 'Very good stay!', 4),
(48, 'Very good stay!', 4),
(76, 'Very good stay!', 5),
(29, 'Very good stay!', 5),
(32, 'Very good stay!', 3),
(58, 'Very good stay!', 3),
(18, 'Very good stay!', 3),
(23, 'Very good stay!', 2),
(26, 'Very good stay!', 1),
(21, 'Very good stay!', 3),
(38, 'Very good stay!', 3),
(72, 'Very good stay!', 4),
(56, 'Very good stay!', 4),
(43, 'Very good stay!', 2),
(61, 'Very good stay!', 3),
(3, 'Very good stay!', 2),
(2, 'Very good stay!', 4),
(11, 'Very good stay!', 5),
(73, 'Very good stay!', 5),
(63, 'Very good stay!', 5),
(13, 'Very good stay!', 3),
(14, 'Very good stay!', 1),
(79, 'Very good stay!', 4),
(74, 'Very good stay!', 2),
(51, 'Very good stay!', 3),
(69, 'Very good stay!', 2),
(71, 'Very good stay!', 3),
(33, 'Very good stay!', 5),
(53, 'Very good stay!', 3),
(41, 'Very good stay!', 3),
(8, 'Very good stay!', 1),
(35, 'Very good stay!', 3),
(1, 'Very good stay!', 2),
(49, 'Very good stay!', 4),
(34, 'Very good stay!', 2),
(30, 'Very good stay!', 5),
(12, 'Very good stay!', 1),
(22, 'Very good stay!', 2),
(10, 'Very good stay!', 1),
(62, 'Very good stay!', 5),
(77, 'Very good stay!', 2),
(31, 'Very good stay!', 2),
(57, 'Very good stay!', 5);