

-- Truncate all tables
TRUNCATE TABLE 
    food_order,
    payment,
    feedback,
    overnight_room_reservation,
    meeting_room_reservation,
    reservation,
    overnight_room,
    meeting_room,
    employee_details,
    user_authentication,
    "user",
    hotel
RESTART IDENTITY CASCADE;

-- Insert Hotels
INSERT INTO hotel (name, hotel_address, room_quantity, capacity, branch_manager_id) VALUES
('Elysian Hotel Yerevan', ROW('10 Mashtots Ave', 'Yerevan', 'Armenia'), 80, 160, NULL),
('Elysian Hotel Tsaghkadzor', ROW('4 Olympic Street', 'Tsaghkadzor', 'Armenia'), 60, 120, NULL),
('Elysian Hotel Dilijan', ROW('22 Forest Lane', 'Dilijan', 'Armenia'), 50, 100, NULL),
('Elysian Hotel Gyumri', ROW('6 Vardanants Square', 'Gyumri', 'Armenia'), 70, 140, NULL),
('Elysian Hotel Sevan', ROW('1 Lake View Road', 'Sevan', 'Armenia'), 40, 80, NULL);

-- Insert Users
INSERT INTO "user" (first_name, middle_name, last_name, email, phone_number, created_at) VALUES ('Amelia', NULL, 'Davis', 'amelia.davis95@gmail.com', '091244250', NOW());
INSERT INTO "user" (first_name, middle_name, last_name, email, phone_number, created_at) VALUES ('Amelia', NULL, 'Jackson', 'amelia.jackson48@gmail.com', '091649596', NOW());
INSERT INTO "user" (first_name, middle_name, last_name, email, phone_number, created_at) VALUES ('Evelyn', NULL, 'Rodriguez', 'evelyn.rodriguez28@gmail.com', '091761294', NOW());
INSERT INTO "user" (first_name, middle_name, last_name, email, phone_number, created_at) VALUES ('Matthew', NULL, 'Gonzalez', 'matthew.gonzalez87@gmail.com', '091264389', NOW());
INSERT INTO "user" (first_name, middle_name, last_name, email, phone_number, created_at) VALUES ('Amelia', NULL, 'Jones', 'amelia.jones69@gmail.com', '091128191', NOW());
INSERT INTO "user" (first_name, middle_name, last_name, email, phone_number, created_at) VALUES ('Evelyn', NULL, 'Garcia', 'evelyn.garcia23@gmail.com', '091631753', NOW());
INSERT INTO "user" (first_name, middle_name, last_name, email, phone_number, created_at) VALUES ('John', NULL, 'Garcia', 'john.garcia7@gmail.com', '091737632', NOW());
INSERT INTO "user" (first_name, middle_name, last_name, email, phone_number, created_at) VALUES ('Emma', NULL, 'Hernandez', 'emma.hernandez72@gmail.com', '091542784', NOW());
INSERT INTO "user" (first_name, middle_name, last_name, email, phone_number, created_at) VALUES ('James', NULL, 'Williams', 'james.williams8@gmail.com', '091886040', NOW());
INSERT INTO "user" (first_name, middle_name, last_name, email, phone_number, created_at) VALUES ('John', NULL, 'Smith', 'john.smith86@gmail.com', '091431735', NOW());
INSERT INTO "user" (first_name, middle_name, last_name, email, phone_number, created_at) VALUES ('Sophia', NULL, 'Anderson', 'sophia.anderson5@gmail.com', '091663069', NOW());
INSERT INTO "user" (first_name, middle_name, last_name, email, phone_number, created_at) VALUES ('Sarah', NULL, 'Garcia', 'sarah.garcia46@gmail.com', '091818159', NOW());
INSERT INTO "user" (first_name, middle_name, last_name, email, phone_number, created_at) VALUES ('David', NULL, 'Lopez', 'david.lopez7@gmail.com', '091491147', NOW());
INSERT INTO "user" (first_name, middle_name, last_name, email, phone_number, created_at) VALUES ('Emma', NULL, 'Anderson', 'emma.anderson15@gmail.com', '091913398', NOW());
INSERT INTO "user" (first_name, middle_name, last_name, email, phone_number, created_at) VALUES ('Emily', NULL, 'Williams', 'emily.williams8@gmail.com', '091615640', NOW());
INSERT INTO "user" (first_name, middle_name, last_name, email, phone_number, created_at) VALUES ('Samuel', NULL, 'Moore', 'samuel.moore40@gmail.com', '091527049', NOW());
INSERT INTO "user" (first_name, middle_name, last_name, email, phone_number, created_at) VALUES ('Benjamin', NULL, 'Rodriguez', 'benjamin.rodriguez78@gmail.com', '091996595', NOW());
INSERT INTO "user" (first_name, middle_name, last_name, email, phone_number, created_at) VALUES ('Benjamin', NULL, 'Gonzalez', 'benjamin.gonzalez92@gmail.com', '091607750', NOW());
INSERT INTO "user" (first_name, middle_name, last_name, email, phone_number, created_at) VALUES ('Sophia', NULL, 'Davis', 'sophia.davis51@gmail.com', '091359122', NOW());
INSERT INTO "user" (first_name, middle_name, last_name, email, phone_number, created_at) VALUES ('Sarah', NULL, 'Martin', 'sarah.martin48@gmail.com', '091701692', NOW());
INSERT INTO "user" (first_name, middle_name, last_name, email, phone_number, created_at) VALUES ('Matthew', NULL, 'Hernandez', 'matthew.hernandez62@gmail.com', '091428508', NOW());
INSERT INTO "user" (first_name, middle_name, last_name, email, phone_number, created_at) VALUES ('James', NULL, 'Rodriguez', 'james.rodriguez99@gmail.com', '091892723', NOW());
INSERT INTO "user" (first_name, middle_name, last_name, email, phone_number, created_at) VALUES ('Andrew', NULL, 'Garcia', 'andrew.garcia21@gmail.com', '091937032', NOW());
INSERT INTO "user" (first_name, middle_name, last_name, email, phone_number, created_at) VALUES ('Matthew', NULL, 'Martin', 'matthew.martin33@gmail.com', '091346373', NOW());
INSERT INTO "user" (first_name, middle_name, last_name, email, phone_number, created_at) VALUES ('Amelia', NULL, 'Thomas', 'amelia.thomas55@gmail.com', '091919409', NOW());
INSERT INTO "user" (first_name, middle_name, last_name, email, phone_number, created_at) VALUES ('Andrew', NULL, 'Johnson', 'andrew.johnson19@gmail.com', '091266889', NOW());
INSERT INTO "user" (first_name, middle_name, last_name, email, phone_number, created_at) VALUES ('Isabella', NULL, 'Martin', 'isabella.martin57@gmail.com', '091711745', NOW());
INSERT INTO "user" (first_name, middle_name, last_name, email, phone_number, created_at) VALUES ('John', NULL, 'Davis', 'john.davis80@gmail.com', '091201938', NOW());
INSERT INTO "user" (first_name, middle_name, last_name, email, phone_number, created_at) VALUES ('Evelyn', NULL, 'Martin', 'evelyn.martin46@gmail.com', '091702141', NOW());
INSERT INTO "user" (first_name, middle_name, last_name, email, phone_number, created_at) VALUES ('James', NULL, 'Martin', 'james.martin14@gmail.com', '091835189', NOW());
INSERT INTO "user" (first_name, middle_name, last_name, email, phone_number, created_at) VALUES ('Isabella', NULL, 'Martinez', 'isabella.martinez19@gmail.com', '091827518', NOW());
INSERT INTO "user" (first_name, middle_name, last_name, email, phone_number, created_at) VALUES ('Olivia', NULL, 'Jackson', 'olivia.jackson88@gmail.com', '091799588', NOW());
INSERT INTO "user" (first_name, middle_name, last_name, email, phone_number, created_at) VALUES ('Daniel', NULL, 'Jones', 'daniel.jones71@gmail.com', '091634327', NOW());
INSERT INTO "user" (first_name, middle_name, last_name, email, phone_number, created_at) VALUES ('Mia', NULL, 'Brown', 'mia.brown41@gmail.com', '091588220', NOW());
INSERT INTO "user" (first_name, middle_name, last_name, email, phone_number, created_at) VALUES ('Joseph', NULL, 'Anderson', 'joseph.anderson15@gmail.com', '091857349', NOW());
INSERT INTO "user" (first_name, middle_name, last_name, email, phone_number, created_at) VALUES ('Samuel', NULL, 'Jackson', 'samuel.jackson14@gmail.com', '091702437', NOW());
INSERT INTO "user" (first_name, middle_name, last_name, email, phone_number, created_at) VALUES ('Benjamin', NULL, 'Williams', 'benjamin.williams16@gmail.com', '091379347', NOW());
INSERT INTO "user" (first_name, middle_name, last_name, email, phone_number, created_at) VALUES ('Matthew', NULL, 'Brown', 'matthew.brown56@gmail.com', '091817450', NOW());
INSERT INTO "user" (first_name, middle_name, last_name, email, phone_number, created_at) VALUES ('Andrew', NULL, 'Anderson', 'andrew.anderson38@gmail.com', '091682074', NOW());
INSERT INTO "user" (first_name, middle_name, last_name, email, phone_number, created_at) VALUES ('Andrew', NULL, 'Thomas', 'andrew.thomas62@gmail.com', '091802369', NOW());

-- Insert User Authentication
INSERT INTO user_authentication (user_id, password_hash, password_last_updated) VALUES (1, 'hash_1', NOW());
INSERT INTO user_authentication (user_id, password_hash, password_last_updated) VALUES (2, 'hash_2', NOW());
INSERT INTO user_authentication (user_id, password_hash, password_last_updated) VALUES (3, 'hash_3', NOW());
INSERT INTO user_authentication (user_id, password_hash, password_last_updated) VALUES (4, 'hash_4', NOW());
INSERT INTO user_authentication (user_id, password_hash, password_last_updated) VALUES (5, 'hash_5', NOW());
INSERT INTO user_authentication (user_id, password_hash, password_last_updated) VALUES (6, 'hash_6', NOW());
INSERT INTO user_authentication (user_id, password_hash, password_last_updated) VALUES (7, 'hash_7', NOW());
INSERT INTO user_authentication (user_id, password_hash, password_last_updated) VALUES (8, 'hash_8', NOW());
INSERT INTO user_authentication (user_id, password_hash, password_last_updated) VALUES (9, 'hash_9', NOW());
INSERT INTO user_authentication (user_id, password_hash, password_last_updated) VALUES (10, 'hash_10', NOW());
INSERT INTO user_authentication (user_id, password_hash, password_last_updated) VALUES (11, 'hash_11', NOW());
INSERT INTO user_authentication (user_id, password_hash, password_last_updated) VALUES (12, 'hash_12', NOW());
INSERT INTO user_authentication (user_id, password_hash, password_last_updated) VALUES (13, 'hash_13', NOW());
INSERT INTO user_authentication (user_id, password_hash, password_last_updated) VALUES (14, 'hash_14', NOW());
INSERT INTO user_authentication (user_id, password_hash, password_last_updated) VALUES (15, 'hash_15', NOW());
INSERT INTO user_authentication (user_id, password_hash, password_last_updated) VALUES (16, 'hash_16', NOW());
INSERT INTO user_authentication (user_id, password_hash, password_last_updated) VALUES (17, 'hash_17', NOW());
INSERT INTO user_authentication (user_id, password_hash, password_last_updated) VALUES (18, 'hash_18', NOW());
INSERT INTO user_authentication (user_id, password_hash, password_last_updated) VALUES (19, 'hash_19', NOW());
INSERT INTO user_authentication (user_id, password_hash, password_last_updated) VALUES (20, 'hash_20', NOW());
INSERT INTO user_authentication (user_id, password_hash, password_last_updated) VALUES (21, 'hash_21', NOW());
INSERT INTO user_authentication (user_id, password_hash, password_last_updated) VALUES (22, 'hash_22', NOW());
INSERT INTO user_authentication (user_id, password_hash, password_last_updated) VALUES (23, 'hash_23', NOW());
INSERT INTO user_authentication (user_id, password_hash, password_last_updated) VALUES (24, 'hash_24', NOW());
INSERT INTO user_authentication (user_id, password_hash, password_last_updated) VALUES (25, 'hash_25', NOW());
INSERT INTO user_authentication (user_id, password_hash, password_last_updated) VALUES (26, 'hash_26', NOW());
INSERT INTO user_authentication (user_id, password_hash, password_last_updated) VALUES (27, 'hash_27', NOW());
INSERT INTO user_authentication (user_id, password_hash, password_last_updated) VALUES (28, 'hash_28', NOW());
INSERT INTO user_authentication (user_id, password_hash, password_last_updated) VALUES (29, 'hash_29', NOW());
INSERT INTO user_authentication (user_id, password_hash, password_last_updated) VALUES (30, 'hash_30', NOW());
INSERT INTO user_authentication (user_id, password_hash, password_last_updated) VALUES (31, 'hash_31', NOW());
INSERT INTO user_authentication (user_id, password_hash, password_last_updated) VALUES (32, 'hash_32', NOW());
INSERT INTO user_authentication (user_id, password_hash, password_last_updated) VALUES (33, 'hash_33', NOW());
INSERT INTO user_authentication (user_id, password_hash, password_last_updated) VALUES (34, 'hash_34', NOW());
INSERT INTO user_authentication (user_id, password_hash, password_last_updated) VALUES (35, 'hash_35', NOW());
INSERT INTO user_authentication (user_id, password_hash, password_last_updated) VALUES (36, 'hash_36', NOW());
INSERT INTO user_authentication (user_id, password_hash, password_last_updated) VALUES (37, 'hash_37', NOW());
INSERT INTO user_authentication (user_id, password_hash, password_last_updated) VALUES (38, 'hash_38', NOW());
INSERT INTO user_authentication (user_id, password_hash, password_last_updated) VALUES (39, 'hash_39', NOW());
INSERT INTO user_authentication (user_id, password_hash, password_last_updated) VALUES (40, 'hash_40', NOW());

-- Insert Employee Details
INSERT INTO employee_details (user_id, role, contract_start, supervisor_id, salary, salary_transaction_account, hotel_id) VALUES (14, 'cleaner', NOW(), NULL, 918, 'ACC14', 5);
INSERT INTO employee_details (user_id, role, contract_start, supervisor_id, salary, salary_transaction_account, hotel_id) VALUES (26, 'support_agent', NOW(), NULL, 1544, 'ACC26', 1);
INSERT INTO employee_details (user_id, role, contract_start, supervisor_id, salary, salary_transaction_account, hotel_id) VALUES (20, 'cleaner', NOW(), NULL, 1412, 'ACC20', 3);
INSERT INTO employee_details (user_id, role, contract_start, supervisor_id, salary, salary_transaction_account, hotel_id) VALUES (18, 'security_guard', NOW(), NULL, 1901, 'ACC18', 3);
INSERT INTO employee_details (user_id, role, contract_start, supervisor_id, salary, salary_transaction_account, hotel_id) VALUES (35, 'branch_manager', NOW(), NULL, 870, 'ACC35', 2);
INSERT INTO employee_details (user_id, role, contract_start, supervisor_id, salary, salary_transaction_account, hotel_id) VALUES (23, 'lobby_attendant', NOW(), NULL, 1276, 'ACC23', 5);
INSERT INTO employee_details (user_id, role, contract_start, supervisor_id, salary, salary_transaction_account, hotel_id) VALUES (8, 'branch_manager', NOW(), NULL, 1354, 'ACC8', 5);
INSERT INTO employee_details (user_id, role, contract_start, supervisor_id, salary, salary_transaction_account, hotel_id) VALUES (11, 'branch_manager', NOW(), NULL, 704, 'ACC11', 4);
INSERT INTO employee_details (user_id, role, contract_start, supervisor_id, salary, salary_transaction_account, hotel_id) VALUES (33, 'security_guard', NOW(), NULL, 1876, 'ACC33', 4);
INSERT INTO employee_details (user_id, role, contract_start, supervisor_id, salary, salary_transaction_account, hotel_id) VALUES (6, 'cleaner', NOW(), NULL, 1334, 'ACC6', 4);
INSERT INTO employee_details (user_id, role, contract_start, supervisor_id, salary, salary_transaction_account, hotel_id) VALUES (37, 'lobby_attendant', NOW(), NULL, 1609, 'ACC37', 4);
INSERT INTO employee_details (user_id, role, contract_start, supervisor_id, salary, salary_transaction_account, hotel_id) VALUES (2, 'front_desk_agent', NOW(), NULL, 1030, 'ACC2', 4);
INSERT INTO employee_details (user_id, role, contract_start, supervisor_id, salary, salary_transaction_account, hotel_id) VALUES (25, 'security_guard', NOW(), NULL, 1635, 'ACC25', 1);
INSERT INTO employee_details (user_id, role, contract_start, supervisor_id, salary, salary_transaction_account, hotel_id) VALUES (3, 'lobby_attendant', NOW(), NULL, 1235, 'ACC3', 3);
INSERT INTO employee_details (user_id, role, contract_start, supervisor_id, salary, salary_transaction_account, hotel_id) VALUES (10, 'front_desk_agent', NOW(), NULL, 863, 'ACC10', 1);

-- Insert Overnight Rooms
INSERT INTO overnight_room (hotel_id, room_number, price_per_night, capacity, room_type) VALUES (1, '100', 181, 4, 'double');
INSERT INTO overnight_room (hotel_id, room_number, price_per_night, capacity, room_type) VALUES (1, '101', 279, 4, 'double');
INSERT INTO overnight_room (hotel_id, room_number, price_per_night, capacity, room_type) VALUES (1, '102', 295, 1, 'double');
INSERT INTO overnight_room (hotel_id, room_number, price_per_night, capacity, room_type) VALUES (1, '103', 146, 3, 'penthouse');
INSERT INTO overnight_room (hotel_id, room_number, price_per_night, capacity, room_type) VALUES (1, '104', 235, 5, 'studio');
INSERT INTO overnight_room (hotel_id, room_number, price_per_night, capacity, room_type) VALUES (1, '105', 78, 3, 'twin');
INSERT INTO overnight_room (hotel_id, room_number, price_per_night, capacity, room_type) VALUES (1, '106', 206, 4, 'suite');
INSERT INTO overnight_room (hotel_id, room_number, price_per_night, capacity, room_type) VALUES (1, '107', 86, 2, 'villa');
INSERT INTO overnight_room (hotel_id, room_number, price_per_night, capacity, room_type) VALUES (1, '108', 87, 1, 'suite');
INSERT INTO overnight_room (hotel_id, room_number, price_per_night, capacity, room_type) VALUES (1, '109', 173, 1, 'double');
INSERT INTO overnight_room (hotel_id, room_number, price_per_night, capacity, room_type) VALUES (2, '200', 110, 5, 'twin');
INSERT INTO overnight_room (hotel_id, room_number, price_per_night, capacity, room_type) VALUES (2, '201', 189, 1, 'penthouse');
INSERT INTO overnight_room (hotel_id, room_number, price_per_night, capacity, room_type) VALUES (2, '202', 174, 4, 'twin');
INSERT INTO overnight_room (hotel_id, room_number, price_per_night, capacity, room_type) VALUES (2, '203', 251, 5, 'villa');
INSERT INTO overnight_room (hotel_id, room_number, price_per_night, capacity, room_type) VALUES (2, '204', 132, 5, 'single');
INSERT INTO overnight_room (hotel_id, room_number, price_per_night, capacity, room_type) VALUES (2, '205', 157, 1, 'villa');
INSERT INTO overnight_room (hotel_id, room_number, price_per_night, capacity, room_type) VALUES (2, '206', 200, 4, 'suite');
INSERT INTO overnight_room (hotel_id, room_number, price_per_night, capacity, room_type) VALUES (2, '207', 53, 5, 'quad');
INSERT INTO overnight_room (hotel_id, room_number, price_per_night, capacity, room_type) VALUES (2, '208', 193, 4, 'single');
INSERT INTO overnight_room (hotel_id, room_number, price_per_night, capacity, room_type) VALUES (2, '209', 163, 2, 'twin');
INSERT INTO overnight_room (hotel_id, room_number, price_per_night, capacity, room_type) VALUES (3, '300', 94, 1, 'studio');
INSERT INTO overnight_room (hotel_id, room_number, price_per_night, capacity, room_type) VALUES (3, '301', 64, 4, 'double');
INSERT INTO overnight_room (hotel_id, room_number, price_per_night, capacity, room_type) VALUES (3, '302', 245, 1, 'quad');
INSERT INTO overnight_room (hotel_id, room_number, price_per_night, capacity, room_type) VALUES (3, '303', 125, 1, 'single');
INSERT INTO overnight_room (hotel_id, room_number, price_per_night, capacity, room_type) VALUES (3, '304', 125, 1, 'suite');
INSERT INTO overnight_room (hotel_id, room_number, price_per_night, capacity, room_type) VALUES (3, '305', 166, 3, 'quad');
INSERT INTO overnight_room (hotel_id, room_number, price_per_night, capacity, room_type) VALUES (3, '306', 188, 1, 'penthouse');
INSERT INTO overnight_room (hotel_id, room_number, price_per_night, capacity, room_type) VALUES (3, '307', 256, 2, 'penthouse');
INSERT INTO overnight_room (hotel_id, room_number, price_per_night, capacity, room_type) VALUES (3, '308', 141, 5, 'penthouse');
INSERT INTO overnight_room (hotel_id, room_number, price_per_night, capacity, room_type) VALUES (3, '309', 110, 3, 'quad');
INSERT INTO overnight_room (hotel_id, room_number, price_per_night, capacity, room_type) VALUES (4, '400', 51, 5, 'suite');
INSERT INTO overnight_room (hotel_id, room_number, price_per_night, capacity, room_type) VALUES (4, '401', 252, 2, 'double');
INSERT INTO overnight_room (hotel_id, room_number, price_per_night, capacity, room_type) VALUES (4, '402', 77, 3, 'penthouse');
INSERT INTO overnight_room (hotel_id, room_number, price_per_night, capacity, room_type) VALUES (4, '403', 259, 5, 'studio');
INSERT INTO overnight_room (hotel_id, room_number, price_per_night, capacity, room_type) VALUES (4, '404', 211, 1, 'twin');
INSERT INTO overnight_room (hotel_id, room_number, price_per_night, capacity, room_type) VALUES (4, '405', 180, 4, 'quad');
INSERT INTO overnight_room (hotel_id, room_number, price_per_night, capacity, room_type) VALUES (4, '406', 261, 2, 'studio');
INSERT INTO overnight_room (hotel_id, room_number, price_per_night, capacity, room_type) VALUES (4, '407', 95, 1, 'twin');
INSERT INTO overnight_room (hotel_id, room_number, price_per_night, capacity, room_type) VALUES (4, '408', 217, 1, 'single');
INSERT INTO overnight_room (hotel_id, room_number, price_per_night, capacity, room_type) VALUES (4, '409', 216, 4, 'suite');
INSERT INTO overnight_room (hotel_id, room_number, price_per_night, capacity, room_type) VALUES (5, '500', 180, 2, 'twin');
INSERT INTO overnight_room (hotel_id, room_number, price_per_night, capacity, room_type) VALUES (5, '501', 256, 2, 'twin');
INSERT INTO overnight_room (hotel_id, room_number, price_per_night, capacity, room_type) VALUES (5, '502', 88, 1, 'twin');
INSERT INTO overnight_room (hotel_id, room_number, price_per_night, capacity, room_type) VALUES (5, '503', 184, 2, 'penthouse');
INSERT INTO overnight_room (hotel_id, room_number, price_per_night, capacity, room_type) VALUES (5, '504', 56, 5, 'suite');
INSERT INTO overnight_room (hotel_id, room_number, price_per_night, capacity, room_type) VALUES (5, '505', 78, 5, 'double');
INSERT INTO overnight_room (hotel_id, room_number, price_per_night, capacity, room_type) VALUES (5, '506', 197, 3, 'quad');
INSERT INTO overnight_room (hotel_id, room_number, price_per_night, capacity, room_type) VALUES (5, '507', 277, 5, 'single');
INSERT INTO overnight_room (hotel_id, room_number, price_per_night, capacity, room_type) VALUES (5, '508', 221, 3, 'quad');
INSERT INTO overnight_room (hotel_id, room_number, price_per_night, capacity, room_type) VALUES (5, '509', 57, 3, 'quad');

-- Insert Meeting Rooms
INSERT INTO meeting_room (hotel_id, room_number, hourly_rate, capacity, room_type, room_equipment) VALUES (1, 'M1', 42, 42, 'classroom', 'screen');
INSERT INTO meeting_room (hotel_id, room_number, hourly_rate, capacity, room_type, room_equipment) VALUES (1, 'M2', 114, 12, 'u-shaped', 'screen');
INSERT INTO meeting_room (hotel_id, room_number, hourly_rate, capacity, room_type, room_equipment) VALUES (1, 'M3', 84, 49, 'u-shaped', 'video-conferencing');
INSERT INTO meeting_room (hotel_id, room_number, hourly_rate, capacity, room_type, room_equipment) VALUES (1, 'M4', 133, 19, 'cluster', 'video-conferencing');
INSERT INTO meeting_room (hotel_id, room_number, hourly_rate, capacity, room_type, room_equipment) VALUES (2, 'M1', 83, 50, 'u-shaped', 'screen');
INSERT INTO meeting_room (hotel_id, room_number, hourly_rate, capacity, room_type, room_equipment) VALUES (2, 'M2', 103, 33, 'conference', 'whiteboard');
INSERT INTO meeting_room (hotel_id, room_number, hourly_rate, capacity, room_type, room_equipment) VALUES (2, 'M3', 43, 29, 'classroom', 'projector');
INSERT INTO meeting_room (hotel_id, room_number, hourly_rate, capacity, room_type, room_equipment) VALUES (2, 'M4', 50, 22, 'circular', 'projector');
INSERT INTO meeting_room (hotel_id, room_number, hourly_rate, capacity, room_type, room_equipment) VALUES (3, 'M1', 94, 31, 'classroom', 'projector');
INSERT INTO meeting_room (hotel_id, room_number, hourly_rate, capacity, room_type, room_equipment) VALUES (3, 'M2', 72, 47, 'cluster', 'video-conferencing');
INSERT INTO meeting_room (hotel_id, room_number, hourly_rate, capacity, room_type, room_equipment) VALUES (3, 'M3', 39, 24, 'cluster', 'projector');
INSERT INTO meeting_room (hotel_id, room_number, hourly_rate, capacity, room_type, room_equipment) VALUES (3, 'M4', 128, 27, 'conference', 'whiteboard');
INSERT INTO meeting_room (hotel_id, room_number, hourly_rate, capacity, room_type, room_equipment) VALUES (4, 'M1', 47, 27, 'circular', 'whiteboard');
INSERT INTO meeting_room (hotel_id, room_number, hourly_rate, capacity, room_type, room_equipment) VALUES (4, 'M2', 99, 40, 'conference', 'video-conferencing');
INSERT INTO meeting_room (hotel_id, room_number, hourly_rate, capacity, room_type, room_equipment) VALUES (4, 'M3', 127, 45, 'circular', 'video-conferencing');
INSERT INTO meeting_room (hotel_id, room_number, hourly_rate, capacity, room_type, room_equipment) VALUES (4, 'M4', 54, 35, 'cluster', 'projector');
INSERT INTO meeting_room (hotel_id, room_number, hourly_rate, capacity, room_type, room_equipment) VALUES (5, 'M1', 100, 22, 'conference', 'whiteboard');
INSERT INTO meeting_room (hotel_id, room_number, hourly_rate, capacity, room_type, room_equipment) VALUES (5, 'M2', 88, 29, 'theater', 'projector');
INSERT INTO meeting_room (hotel_id, room_number, hourly_rate, capacity, room_type, room_equipment) VALUES (5, 'M3', 93, 50, 'u-shaped', 'whiteboard');
INSERT INTO meeting_room (hotel_id, room_number, hourly_rate, capacity, room_type, room_equipment) VALUES (5, 'M4', 140, 32, 'classroom', 'screen');

-- Insert Reservations
INSERT INTO reservation (user_id, check_in_date, check_out_date, total_cost, guest_count, status) VALUES (35, '2024-01-31 20:25:11', '2024-02-06 20:25:11', 887, 2, 'completed');
INSERT INTO reservation (user_id, check_in_date, check_out_date, total_cost, guest_count, status) VALUES (8, '2024-09-28 22:30:57', '2024-09-29 22:30:57', 152, 1, 'canceled');
INSERT INTO reservation (user_id, check_in_date, check_out_date, total_cost, guest_count, status) VALUES (11, '2024-07-02 14:20:27', '2024-07-07 14:20:27', 269, 1, 'reserved');
INSERT INTO reservation (user_id, check_in_date, check_out_date, total_cost, guest_count, status) VALUES (35, '2024-05-04 01:58:02', '2024-05-08 01:58:02', 128, 4, 'completed');
INSERT INTO reservation (user_id, check_in_date, check_out_date, total_cost, guest_count, status) VALUES (1, '2024-05-10 11:02:42', '2024-05-12 11:02:42', 343, 2, 'canceled');
INSERT INTO reservation (user_id, check_in_date, check_out_date, total_cost, guest_count, status) VALUES (35, '2024-08-15 14:45:09', '2024-08-20 14:45:09', 572, 2, 'reserved');
INSERT INTO reservation (user_id, check_in_date, check_out_date, total_cost, guest_count, status) VALUES (33, '2024-01-25 00:02:40', '2024-01-28 00:02:40', 639, 2, 'reserved');
INSERT INTO reservation (user_id, check_in_date, check_out_date, total_cost, guest_count, status) VALUES (27, '2024-08-09 15:39:46', '2024-08-13 15:39:46', 406, 2, 'reserved');
INSERT INTO reservation (user_id, check_in_date, check_out_date, total_cost, guest_count, status) VALUES (17, '2024-02-26 12:12:38', '2024-03-04 12:12:38', 577, 2, 'completed');
INSERT INTO reservation (user_id, check_in_date, check_out_date, total_cost, guest_count, status) VALUES (24, '2024-05-11 03:33:05', '2024-05-13 03:33:05', 599, 2, 'completed');
INSERT INTO reservation (user_id, check_in_date, check_out_date, total_cost, guest_count, status) VALUES (11, '2024-09-18 00:17:09', '2024-09-21 00:17:09', 255, 1, 'canceled');
INSERT INTO reservation (user_id, check_in_date, check_out_date, total_cost, guest_count, status) VALUES (16, '2024-10-16 11:15:17', '2024-10-18 11:15:17', 279, 3, 'canceled');
INSERT INTO reservation (user_id, check_in_date, check_out_date, total_cost, guest_count, status) VALUES (32, '2024-11-08 09:26:48', '2024-11-12 09:26:48', 498, 1, 'completed');
INSERT INTO reservation (user_id, check_in_date, check_out_date, total_cost, guest_count, status) VALUES (30, '2024-09-09 15:42:39', '2024-09-10 15:42:39', 284, 2, 'canceled');
INSERT INTO reservation (user_id, check_in_date, check_out_date, total_cost, guest_count, status) VALUES (24, '2024-02-25 09:35:38', '2024-02-26 09:35:38', 805, 4, 'canceled');
INSERT INTO reservation (user_id, check_in_date, check_out_date, total_cost, guest_count, status) VALUES (31, '2024-11-05 05:38:20', '2024-11-07 05:38:20', 787, 4, 'completed');
INSERT INTO reservation (user_id, check_in_date, check_out_date, total_cost, guest_count, status) VALUES (23, '2024-11-12 11:44:26', '2024-11-13 11:44:26', 440, 4, 'canceled');
INSERT INTO reservation (user_id, check_in_date, check_out_date, total_cost, guest_count, status) VALUES (31, '2024-12-24 04:54:52', '2024-12-26 04:54:52', 153, 1, 'reserved');
INSERT INTO reservation (user_id, check_in_date, check_out_date, total_cost, guest_count, status) VALUES (29, '2024-10-23 01:10:29', '2024-10-28 01:10:29', 313, 4, 'canceled');
INSERT INTO reservation (user_id, check_in_date, check_out_date, total_cost, guest_count, status) VALUES (32, '2024-01-10 00:56:48', '2024-01-15 00:56:48', 341, 1, 'completed');
INSERT INTO reservation (user_id, check_in_date, check_out_date, total_cost, guest_count, status) VALUES (23, '2024-07-29 20:40:24', '2024-07-30 20:40:24', 932, 3, 'canceled');
INSERT INTO reservation (user_id, check_in_date, check_out_date, total_cost, guest_count, status) VALUES (19, '2024-01-21 08:48:58', '2024-01-28 08:48:58', 193, 2, 'completed');
INSERT INTO reservation (user_id, check_in_date, check_out_date, total_cost, guest_count, status) VALUES (39, '2024-05-12 09:51:14', '2024-05-19 09:51:14', 594, 1, 'completed');
INSERT INTO reservation (user_id, check_in_date, check_out_date, total_cost, guest_count, status) VALUES (40, '2024-01-06 00:27:00', '2024-01-08 00:27:00', 509, 1, 'completed');
INSERT INTO reservation (user_id, check_in_date, check_out_date, total_cost, guest_count, status) VALUES (1, '2024-06-16 16:06:05', '2024-06-22 16:06:05', 926, 1, 'completed');
INSERT INTO reservation (user_id, check_in_date, check_out_date, total_cost, guest_count, status) VALUES (30, '2024-03-18 13:27:19', '2024-03-20 13:27:19', 456, 2, 'completed');
INSERT INTO reservation (user_id, check_in_date, check_out_date, total_cost, guest_count, status) VALUES (28, '2024-02-21 22:10:45', '2024-02-26 22:10:45', 439, 1, 'completed');
INSERT INTO reservation (user_id, check_in_date, check_out_date, total_cost, guest_count, status) VALUES (19, '2024-08-15 09:44:44', '2024-08-16 09:44:44', 678, 1, 'completed');
INSERT INTO reservation (user_id, check_in_date, check_out_date, total_cost, guest_count, status) VALUES (31, '2024-05-27 02:03:47', '2024-05-28 02:03:47', 831, 4, 'completed');
INSERT INTO reservation (user_id, check_in_date, check_out_date, total_cost, guest_count, status) VALUES (8, '2024-05-29 19:58:06', '2024-06-04 19:58:06', 158, 3, 'canceled');
INSERT INTO reservation (user_id, check_in_date, check_out_date, total_cost, guest_count, status) VALUES (35, '2024-09-10 22:33:18', '2024-09-13 22:33:18', 294, 3, 'completed');
INSERT INTO reservation (user_id, check_in_date, check_out_date, total_cost, guest_count, status) VALUES (24, '2024-08-08 23:10:48', '2024-08-10 23:10:48', 516, 3, 'completed');
INSERT INTO reservation (user_id, check_in_date, check_out_date, total_cost, guest_count, status) VALUES (19, '2024-07-07 07:56:59', '2024-07-12 07:56:59', 524, 4, 'reserved');
INSERT INTO reservation (user_id, check_in_date, check_out_date, total_cost, guest_count, status) VALUES (11, '2024-08-10 19:19:04', '2024-08-12 19:19:04', 767, 3, 'canceled');
INSERT INTO reservation (user_id, check_in_date, check_out_date, total_cost, guest_count, status) VALUES (30, '2024-12-30 11:38:38', '2025-01-05 11:38:38', 390, 3, 'canceled');
INSERT INTO reservation (user_id, check_in_date, check_out_date, total_cost, guest_count, status) VALUES (8, '2024-05-25 06:14:19', '2024-05-26 06:14:19', 468, 2, 'reserved');
INSERT INTO reservation (user_id, check_in_date, check_out_date, total_cost, guest_count, status) VALUES (37, '2024-06-03 20:40:38', '2024-06-10 20:40:38', 626, 3, 'canceled');
INSERT INTO reservation (user_id, check_in_date, check_out_date, total_cost, guest_count, status) VALUES (33, '2024-08-15 07:59:37', '2024-08-17 07:59:37', 307, 3, 'reserved');
INSERT INTO reservation (user_id, check_in_date, check_out_date, total_cost, guest_count, status) VALUES (20, '2024-02-08 03:37:44', '2024-02-14 03:37:44', 666, 2, 'canceled');
INSERT INTO reservation (user_id, check_in_date, check_out_date, total_cost, guest_count, status) VALUES (35, '2024-09-26 15:12:32', '2024-09-29 15:12:32', 391, 3, 'reserved');
INSERT INTO reservation (user_id, check_in_date, check_out_date, total_cost, guest_count, status) VALUES (35, '2024-07-12 15:25:02', '2024-07-17 15:25:02', 901, 1, 'reserved');
INSERT INTO reservation (user_id, check_in_date, check_out_date, total_cost, guest_count, status) VALUES (13, '2024-11-19 09:13:22', '2024-11-21 09:13:22', 991, 3, 'reserved');
INSERT INTO reservation (user_id, check_in_date, check_out_date, total_cost, guest_count, status) VALUES (8, '2024-01-02 05:31:57', '2024-01-03 05:31:57', 749, 3, 'reserved');
INSERT INTO reservation (user_id, check_in_date, check_out_date, total_cost, guest_count, status) VALUES (7, '2024-03-26 04:23:29', '2024-03-31 04:23:29', 825, 4, 'reserved');
INSERT INTO reservation (user_id, check_in_date, check_out_date, total_cost, guest_count, status) VALUES (18, '2024-12-27 23:08:07', '2025-01-02 23:08:07', 600, 3, 'canceled');
INSERT INTO reservation (user_id, check_in_date, check_out_date, total_cost, guest_count, status) VALUES (16, '2024-10-31 17:35:38', '2024-11-01 17:35:38', 868, 2, 'canceled');
INSERT INTO reservation (user_id, check_in_date, check_out_date, total_cost, guest_count, status) VALUES (19, '2024-09-16 05:30:47', '2024-09-22 05:30:47', 228, 2, 'canceled');
INSERT INTO reservation (user_id, check_in_date, check_out_date, total_cost, guest_count, status) VALUES (23, '2024-10-18 17:44:33', '2024-10-25 17:44:33', 664, 3, 'canceled');
INSERT INTO reservation (user_id, check_in_date, check_out_date, total_cost, guest_count, status) VALUES (28, '2024-06-17 07:21:27', '2024-06-18 07:21:27', 768, 2, 'completed');
INSERT INTO reservation (user_id, check_in_date, check_out_date, total_cost, guest_count, status) VALUES (12, '2024-07-01 05:42:00', '2024-07-04 05:42:00', 973, 2, 'canceled');
INSERT INTO reservation (user_id, check_in_date, check_out_date, total_cost, guest_count, status) VALUES (38, '2024-11-13 02:59:07', '2024-11-20 02:59:07', 545, 3, 'canceled');
INSERT INTO reservation (user_id, check_in_date, check_out_date, total_cost, guest_count, status) VALUES (5, '2024-08-09 21:21:23', '2024-08-13 21:21:23', 100, 4, 'reserved');
INSERT INTO reservation (user_id, check_in_date, check_out_date, total_cost, guest_count, status) VALUES (11, '2024-03-02 08:34:13', '2024-03-05 08:34:13', 617, 2, 'canceled');
INSERT INTO reservation (user_id, check_in_date, check_out_date, total_cost, guest_count, status) VALUES (5, '2024-02-26 16:01:49', '2024-03-02 16:01:49', 949, 3, 'canceled');
INSERT INTO reservation (user_id, check_in_date, check_out_date, total_cost, guest_count, status) VALUES (34, '2024-11-04 06:30:31', '2024-11-07 06:30:31', 180, 4, 'canceled');
INSERT INTO reservation (user_id, check_in_date, check_out_date, total_cost, guest_count, status) VALUES (30, '2024-06-29 05:35:18', '2024-07-06 05:35:18', 174, 2, 'completed');
INSERT INTO reservation (user_id, check_in_date, check_out_date, total_cost, guest_count, status) VALUES (31, '2024-12-10 01:23:04', '2024-12-16 01:23:04', 770, 2, 'completed');
INSERT INTO reservation (user_id, check_in_date, check_out_date, total_cost, guest_count, status) VALUES (39, '2024-03-16 00:08:43', '2024-03-18 00:08:43', 176, 1, 'reserved');
INSERT INTO reservation (user_id, check_in_date, check_out_date, total_cost, guest_count, status) VALUES (20, '2024-05-24 01:00:22', '2024-05-30 01:00:22', 179, 2, 'canceled');
INSERT INTO reservation (user_id, check_in_date, check_out_date, total_cost, guest_count, status) VALUES (22, '2024-09-29 00:12:50', '2024-10-06 00:12:50', 685, 4, 'completed');
INSERT INTO reservation (user_id, check_in_date, check_out_date, total_cost, guest_count, status) VALUES (32, '2024-08-12 03:18:11', '2024-08-14 03:18:11', 925, 3, 'completed');
INSERT INTO reservation (user_id, check_in_date, check_out_date, total_cost, guest_count, status) VALUES (9, '2024-10-24 00:11:37', '2024-10-29 00:11:37', 209, 1, 'canceled');
INSERT INTO reservation (user_id, check_in_date, check_out_date, total_cost, guest_count, status) VALUES (33, '2024-03-23 22:45:14', '2024-03-27 22:45:14', 652, 2, 'canceled');
INSERT INTO reservation (user_id, check_in_date, check_out_date, total_cost, guest_count, status) VALUES (7, '2024-05-19 12:39:02', '2024-05-26 12:39:02', 236, 1, 'completed');
INSERT INTO reservation (user_id, check_in_date, check_out_date, total_cost, guest_count, status) VALUES (9, '2024-02-03 09:43:29', '2024-02-08 09:43:29', 820, 2, 'reserved');
INSERT INTO reservation (user_id, check_in_date, check_out_date, total_cost, guest_count, status) VALUES (14, '2024-08-15 02:54:21', '2024-08-20 02:54:21', 185, 1, 'completed');
INSERT INTO reservation (user_id, check_in_date, check_out_date, total_cost, guest_count, status) VALUES (1, '2024-06-16 13:23:18', '2024-06-18 13:23:18', 957, 4, 'completed');
INSERT INTO reservation (user_id, check_in_date, check_out_date, total_cost, guest_count, status) VALUES (35, '2024-11-01 15:05:58', '2024-11-04 15:05:58', 861, 1, 'completed');
INSERT INTO reservation (user_id, check_in_date, check_out_date, total_cost, guest_count, status) VALUES (35, '2024-10-26 06:37:32', '2024-11-02 06:37:32', 865, 2, 'reserved');
INSERT INTO reservation (user_id, check_in_date, check_out_date, total_cost, guest_count, status) VALUES (33, '2024-08-22 12:38:18', '2024-08-29 12:38:18', 741, 1, 'reserved');
INSERT INTO reservation (user_id, check_in_date, check_out_date, total_cost, guest_count, status) VALUES (2, '2024-01-09 22:17:21', '2024-01-11 22:17:21', 960, 1, 'reserved');
INSERT INTO reservation (user_id, check_in_date, check_out_date, total_cost, guest_count, status) VALUES (37, '2024-10-08 18:55:57', '2024-10-11 18:55:57', 672, 3, 'reserved');
INSERT INTO reservation (user_id, check_in_date, check_out_date, total_cost, guest_count, status) VALUES (8, '2024-07-14 23:18:27', '2024-07-19 23:18:27', 644, 4, 'canceled');
INSERT INTO reservation (user_id, check_in_date, check_out_date, total_cost, guest_count, status) VALUES (32, '2024-10-08 19:36:37', '2024-10-11 19:36:37', 885, 2, 'reserved');
INSERT INTO reservation (user_id, check_in_date, check_out_date, total_cost, guest_count, status) VALUES (36, '2024-06-01 04:12:08', '2024-06-04 04:12:08', 299, 1, 'reserved');
INSERT INTO reservation (user_id, check_in_date, check_out_date, total_cost, guest_count, status) VALUES (2, '2024-05-14 23:30:37', '2024-05-16 23:30:37', 944, 1, 'completed');
INSERT INTO reservation (user_id, check_in_date, check_out_date, total_cost, guest_count, status) VALUES (37, '2024-07-22 05:51:37', '2024-07-24 05:51:37', 602, 2, 'reserved');
INSERT INTO reservation (user_id, check_in_date, check_out_date, total_cost, guest_count, status) VALUES (35, '2024-01-20 17:32:03', '2024-01-26 17:32:03', 573, 1, 'completed');
INSERT INTO reservation (user_id, check_in_date, check_out_date, total_cost, guest_count, status) VALUES (1, '2024-11-27 00:46:06', '2024-12-01 00:46:06', 476, 3, 'reserved');
INSERT INTO reservation (user_id, check_in_date, check_out_date, total_cost, guest_count, status) VALUES (22, '2024-07-12 07:36:14', '2024-07-19 07:36:14', 219, 3, 'canceled');

-- Insert Overnight Room Reservations
INSERT INTO overnight_room_reservation (reservation_id, room_id) VALUES (6, 50);
INSERT INTO overnight_room_reservation (reservation_id, room_id) VALUES (65, 38);
INSERT INTO overnight_room_reservation (reservation_id, room_id) VALUES (78, 32);
INSERT INTO overnight_room_reservation (reservation_id, room_id) VALUES (71, 34);
INSERT INTO overnight_room_reservation (reservation_id, room_id) VALUES (30, 12);
INSERT INTO overnight_room_reservation (reservation_id, room_id) VALUES (28, 27);
INSERT INTO overnight_room_reservation (reservation_id, room_id) VALUES (32, 29);
INSERT INTO overnight_room_reservation (reservation_id, room_id) VALUES (20, 24);
INSERT INTO overnight_room_reservation (reservation_id, room_id) VALUES (61, 45);
INSERT INTO overnight_room_reservation (reservation_id, room_id) VALUES (47, 19);
INSERT INTO overnight_room_reservation (reservation_id, room_id) VALUES (26, 13);
INSERT INTO overnight_room_reservation (reservation_id, room_id) VALUES (50, 34);
INSERT INTO overnight_room_reservation (reservation_id, room_id) VALUES (5, 38);
INSERT INTO overnight_room_reservation (reservation_id, room_id) VALUES (79, 36);
INSERT INTO overnight_room_reservation (reservation_id, room_id) VALUES (16, 50);
INSERT INTO overnight_room_reservation (reservation_id, room_id) VALUES (32, 38);
INSERT INTO overnight_room_reservation (reservation_id, room_id) VALUES (53, 48);
INSERT INTO overnight_room_reservation (reservation_id, room_id) VALUES (37, 21);
INSERT INTO overnight_room_reservation (reservation_id, room_id) VALUES (74, 37);
INSERT INTO overnight_room_reservation (reservation_id, room_id) VALUES (20, 24);
INSERT INTO overnight_room_reservation (reservation_id, room_id) VALUES (20, 23);
INSERT INTO overnight_room_reservation (reservation_id, room_id) VALUES (45, 31);
INSERT INTO overnight_room_reservation (reservation_id, room_id) VALUES (72, 1);
INSERT INTO overnight_room_reservation (reservation_id, room_id) VALUES (77, 31);
INSERT INTO overnight_room_reservation (reservation_id, room_id) VALUES (9, 32);
INSERT INTO overnight_room_reservation (reservation_id, room_id) VALUES (3, 16);
INSERT INTO overnight_room_reservation (reservation_id, room_id) VALUES (32, 40);
INSERT INTO overnight_room_reservation (reservation_id, room_id) VALUES (13, 21);
INSERT INTO overnight_room_reservation (reservation_id, room_id) VALUES (70, 20);
INSERT INTO overnight_room_reservation (reservation_id, room_id) VALUES (30, 36);
INSERT INTO overnight_room_reservation (reservation_id, room_id) VALUES (44, 29);
INSERT INTO overnight_room_reservation (reservation_id, room_id) VALUES (8, 39);
INSERT INTO overnight_room_reservation (reservation_id, room_id) VALUES (19, 48);
INSERT INTO overnight_room_reservation (reservation_id, room_id) VALUES (51, 13);
INSERT INTO overnight_room_reservation (reservation_id, room_id) VALUES (71, 4);
INSERT INTO overnight_room_reservation (reservation_id, room_id) VALUES (2, 49);
INSERT INTO overnight_room_reservation (reservation_id, room_id) VALUES (9, 19);
INSERT INTO overnight_room_reservation (reservation_id, room_id) VALUES (70, 16);
INSERT INTO overnight_room_reservation (reservation_id, room_id) VALUES (49, 27);
INSERT INTO overnight_room_reservation (reservation_id, room_id) VALUES (53, 4);
INSERT INTO overnight_room_reservation (reservation_id, room_id) VALUES (24, 30);
INSERT INTO overnight_room_reservation (reservation_id, room_id) VALUES (71, 15);
INSERT INTO overnight_room_reservation (reservation_id, room_id) VALUES (8, 16);
INSERT INTO overnight_room_reservation (reservation_id, room_id) VALUES (8, 3);
INSERT INTO overnight_room_reservation (reservation_id, room_id) VALUES (53, 31);
INSERT INTO overnight_room_reservation (reservation_id, room_id) VALUES (75, 24);
INSERT INTO overnight_room_reservation (reservation_id, room_id) VALUES (41, 9);
INSERT INTO overnight_room_reservation (reservation_id, room_id) VALUES (54, 24);
INSERT INTO overnight_room_reservation (reservation_id, room_id) VALUES (19, 17);
INSERT INTO overnight_room_reservation (reservation_id, room_id) VALUES (66, 39);
INSERT INTO overnight_room_reservation (reservation_id, room_id) VALUES (70, 25);
INSERT INTO overnight_room_reservation (reservation_id, room_id) VALUES (26, 43);
INSERT INTO overnight_room_reservation (reservation_id, room_id) VALUES (3, 41);
INSERT INTO overnight_room_reservation (reservation_id, room_id) VALUES (62, 29);
INSERT INTO overnight_room_reservation (reservation_id, room_id) VALUES (42, 26);
INSERT INTO overnight_room_reservation (reservation_id, room_id) VALUES (17, 2);
INSERT INTO overnight_room_reservation (reservation_id, room_id) VALUES (79, 34);
INSERT INTO overnight_room_reservation (reservation_id, room_id) VALUES (47, 7);
INSERT INTO overnight_room_reservation (reservation_id, room_id) VALUES (35, 44);
INSERT INTO overnight_room_reservation (reservation_id, room_id) VALUES (25, 39);

-- Insert Meeting Room Reservations
INSERT INTO meeting_room_reservation (reservation_id, room_id) VALUES (63, 4);
INSERT INTO meeting_room_reservation (reservation_id, room_id) VALUES (17, 15);
INSERT INTO meeting_room_reservation (reservation_id, room_id) VALUES (7, 18);
INSERT INTO meeting_room_reservation (reservation_id, room_id) VALUES (61, 5);
INSERT INTO meeting_room_reservation (reservation_id, room_id) VALUES (55, 5);
INSERT INTO meeting_room_reservation (reservation_id, room_id) VALUES (44, 5);
INSERT INTO meeting_room_reservation (reservation_id, room_id) VALUES (58, 4);
INSERT INTO meeting_room_reservation (reservation_id, room_id) VALUES (77, 11);
INSERT INTO meeting_room_reservation (reservation_id, room_id) VALUES (67, 19);
INSERT INTO meeting_room_reservation (reservation_id, room_id) VALUES (43, 17);
INSERT INTO meeting_room_reservation (reservation_id, room_id) VALUES (52, 11);
INSERT INTO meeting_room_reservation (reservation_id, room_id) VALUES (17, 10);
INSERT INTO meeting_room_reservation (reservation_id, room_id) VALUES (17, 19);
INSERT INTO meeting_room_reservation (reservation_id, room_id) VALUES (16, 14);
INSERT INTO meeting_room_reservation (reservation_id, room_id) VALUES (6, 9);
INSERT INTO meeting_room_reservation (reservation_id, room_id) VALUES (18, 5);
INSERT INTO meeting_room_reservation (reservation_id, room_id) VALUES (34, 7);
INSERT INTO meeting_room_reservation (reservation_id, room_id) VALUES (71, 9);
INSERT INTO meeting_room_reservation (reservation_id, room_id) VALUES (13, 3);
INSERT INTO meeting_room_reservation (reservation_id, room_id) VALUES (33, 17);

-- Insert Payments
INSERT INTO payment (reservation_id, transaction_id, payment_method, amount) VALUES (1, 'TXN1', 'visa', 616);
INSERT INTO payment (reservation_id, transaction_id, payment_method, amount) VALUES (2, 'TXN2', 'cash', 893);
INSERT INTO payment (reservation_id, transaction_id, payment_method, amount) VALUES (3, 'TXN3', 'check', 399);
INSERT INTO payment (reservation_id, transaction_id, payment_method, amount) VALUES (4, 'TXN4', 'check', 323);
INSERT INTO payment (reservation_id, transaction_id, payment_method, amount) VALUES (5, 'TXN5', 'arca', 242);
INSERT INTO payment (reservation_id, transaction_id, payment_method, amount) VALUES (6, 'TXN6', 'arca', 464);
INSERT INTO payment (reservation_id, transaction_id, payment_method, amount) VALUES (7, 'TXN7', 'visa', 484);
INSERT INTO payment (reservation_id, transaction_id, payment_method, amount) VALUES (8, 'TXN8', 'master card', 230);
INSERT INTO payment (reservation_id, transaction_id, payment_method, amount) VALUES (9, 'TXN9', 'arca', 775);
INSERT INTO payment (reservation_id, transaction_id, payment_method, amount) VALUES (10, 'TXN10', 'visa', 612);
INSERT INTO payment (reservation_id, transaction_id, payment_method, amount) VALUES (11, 'TXN11', 'check', 679);
INSERT INTO payment (reservation_id, transaction_id, payment_method, amount) VALUES (12, 'TXN12', 'visa', 203);
INSERT INTO payment (reservation_id, transaction_id, payment_method, amount) VALUES (13, 'TXN13', 'master card', 597);
INSERT INTO payment (reservation_id, transaction_id, payment_method, amount) VALUES (14, 'TXN14', 'visa', 786);
INSERT INTO payment (reservation_id, transaction_id, payment_method, amount) VALUES (15, 'TXN15', 'master card', 519);
INSERT INTO payment (reservation_id, transaction_id, payment_method, amount) VALUES (16, 'TXN16', 'master card', 381);
INSERT INTO payment (reservation_id, transaction_id, payment_method, amount) VALUES (17, 'TXN17', 'master card', 451);
INSERT INTO payment (reservation_id, transaction_id, payment_method, amount) VALUES (18, 'TXN18', 'master card', 780);
INSERT INTO payment (reservation_id, transaction_id, payment_method, amount) VALUES (19, 'TXN19', 'cash', 299);
INSERT INTO payment (reservation_id, transaction_id, payment_method, amount) VALUES (20, 'TXN20', 'cash', 457);
INSERT INTO payment (reservation_id, transaction_id, payment_method, amount) VALUES (21, 'TXN21', 'visa', 445);
INSERT INTO payment (reservation_id, transaction_id, payment_method, amount) VALUES (22, 'TXN22', 'master card', 791);
INSERT INTO payment (reservation_id, transaction_id, payment_method, amount) VALUES (23, 'TXN23', 'check', 520);
INSERT INTO payment (reservation_id, transaction_id, payment_method, amount) VALUES (24, 'TXN24', 'master card', 985);
INSERT INTO payment (reservation_id, transaction_id, payment_method, amount) VALUES (25, 'TXN25', 'arca', 236);
INSERT INTO payment (reservation_id, transaction_id, payment_method, amount) VALUES (26, 'TXN26', 'master card', 252);
INSERT INTO payment (reservation_id, transaction_id, payment_method, amount) VALUES (27, 'TXN27', 'visa', 875);
INSERT INTO payment (reservation_id, transaction_id, payment_method, amount) VALUES (28, 'TXN28', 'check', 237);
INSERT INTO payment (reservation_id, transaction_id, payment_method, amount) VALUES (29, 'TXN29', 'cash', 238);
INSERT INTO payment (reservation_id, transaction_id, payment_method, amount) VALUES (30, 'TXN30', 'cash', 323);
INSERT INTO payment (reservation_id, transaction_id, payment_method, amount) VALUES (31, 'TXN31', 'visa', 851);
INSERT INTO payment (reservation_id, transaction_id, payment_method, amount) VALUES (32, 'TXN32', 'visa', 430);
INSERT INTO payment (reservation_id, transaction_id, payment_method, amount) VALUES (33, 'TXN33', 'arca', 665);
INSERT INTO payment (reservation_id, transaction_id, payment_method, amount) VALUES (34, 'TXN34', 'cash', 225);
INSERT INTO payment (reservation_id, transaction_id, payment_method, amount) VALUES (35, 'TXN35', 'check', 719);
INSERT INTO payment (reservation_id, transaction_id, payment_method, amount) VALUES (36, 'TXN36', 'arca', 900);
INSERT INTO payment (reservation_id, transaction_id, payment_method, amount) VALUES (37, 'TXN37', 'cash', 129);
INSERT INTO payment (reservation_id, transaction_id, payment_method, amount) VALUES (38, 'TXN38', 'visa', 471);
INSERT INTO payment (reservation_id, transaction_id, payment_method, amount) VALUES (39, 'TXN39', 'arca', 661);
INSERT INTO payment (reservation_id, transaction_id, payment_method, amount) VALUES (40, 'TXN40', 'check', 237);
INSERT INTO payment (reservation_id, transaction_id, payment_method, amount) VALUES (41, 'TXN41', 'master card', 518);
INSERT INTO payment (reservation_id, transaction_id, payment_method, amount) VALUES (42, 'TXN42', 'arca', 268);
INSERT INTO payment (reservation_id, transaction_id, payment_method, amount) VALUES (43, 'TXN43', 'arca', 155);
INSERT INTO payment (reservation_id, transaction_id, payment_method, amount) VALUES (44, 'TXN44', 'arca', 379);
INSERT INTO payment (reservation_id, transaction_id, payment_method, amount) VALUES (45, 'TXN45', 'cash', 307);
INSERT INTO payment (reservation_id, transaction_id, payment_method, amount) VALUES (46, 'TXN46', 'arca', 647);
INSERT INTO payment (reservation_id, transaction_id, payment_method, amount) VALUES (47, 'TXN47', 'visa', 871);
INSERT INTO payment (reservation_id, transaction_id, payment_method, amount) VALUES (48, 'TXN48', 'arca', 644);
INSERT INTO payment (reservation_id, transaction_id, payment_method, amount) VALUES (49, 'TXN49', 'visa', 739);
INSERT INTO payment (reservation_id, transaction_id, payment_method, amount) VALUES (50, 'TXN50', 'cash', 593);
INSERT INTO payment (reservation_id, transaction_id, payment_method, amount) VALUES (51, 'TXN51', 'arca', 117);
INSERT INTO payment (reservation_id, transaction_id, payment_method, amount) VALUES (52, 'TXN52', 'visa', 744);
INSERT INTO payment (reservation_id, transaction_id, payment_method, amount) VALUES (53, 'TXN53', 'arca', 852);
INSERT INTO payment (reservation_id, transaction_id, payment_method, amount) VALUES (54, 'TXN54', 'cash', 788);
INSERT INTO payment (reservation_id, transaction_id, payment_method, amount) VALUES (55, 'TXN55', 'visa', 663);
INSERT INTO payment (reservation_id, transaction_id, payment_method, amount) VALUES (56, 'TXN56', 'master card', 292);
INSERT INTO payment (reservation_id, transaction_id, payment_method, amount) VALUES (57, 'TXN57', 'cash', 936);
INSERT INTO payment (reservation_id, transaction_id, payment_method, amount) VALUES (58, 'TXN58', 'cash', 832);
INSERT INTO payment (reservation_id, transaction_id, payment_method, amount) VALUES (59, 'TXN59', 'visa', 688);
INSERT INTO payment (reservation_id, transaction_id, payment_method, amount) VALUES (60, 'TXN60', 'visa', 666);
INSERT INTO payment (reservation_id, transaction_id, payment_method, amount) VALUES (61, 'TXN61', 'visa', 305);
INSERT INTO payment (reservation_id, transaction_id, payment_method, amount) VALUES (62, 'TXN62', 'visa', 266);
INSERT INTO payment (reservation_id, transaction_id, payment_method, amount) VALUES (63, 'TXN63', 'master card', 390);
INSERT INTO payment (reservation_id, transaction_id, payment_method, amount) VALUES (64, 'TXN64', 'master card', 772);
INSERT INTO payment (reservation_id, transaction_id, payment_method, amount) VALUES (65, 'TXN65', 'master card', 521);
INSERT INTO payment (reservation_id, transaction_id, payment_method, amount) VALUES (66, 'TXN66', 'cash', 874);
INSERT INTO payment (reservation_id, transaction_id, payment_method, amount) VALUES (67, 'TXN67', 'arca', 496);
INSERT INTO payment (reservation_id, transaction_id, payment_method, amount) VALUES (68, 'TXN68', 'cash', 414);
INSERT INTO payment (reservation_id, transaction_id, payment_method, amount) VALUES (69, 'TXN69', 'arca', 763);
INSERT INTO payment (reservation_id, transaction_id, payment_method, amount) VALUES (70, 'TXN70', 'check', 996);
INSERT INTO payment (reservation_id, transaction_id, payment_method, amount) VALUES (71, 'TXN71', 'cash', 334);
INSERT INTO payment (reservation_id, transaction_id, payment_method, amount) VALUES (72, 'TXN72', 'cash', 336);
INSERT INTO payment (reservation_id, transaction_id, payment_method, amount) VALUES (73, 'TXN73', 'check', 907);
INSERT INTO payment (reservation_id, transaction_id, payment_method, amount) VALUES (74, 'TXN74', 'arca', 327);
INSERT INTO payment (reservation_id, transaction_id, payment_method, amount) VALUES (75, 'TXN75', 'master card', 283);
INSERT INTO payment (reservation_id, transaction_id, payment_method, amount) VALUES (76, 'TXN76', 'check', 655);
INSERT INTO payment (reservation_id, transaction_id, payment_method, amount) VALUES (77, 'TXN77', 'arca', 518);
INSERT INTO payment (reservation_id, transaction_id, payment_method, amount) VALUES (78, 'TXN78', 'cash', 108);
INSERT INTO payment (reservation_id, transaction_id, payment_method, amount) VALUES (79, 'TXN79', 'cash', 962);
INSERT INTO payment (reservation_id, transaction_id, payment_method, amount) VALUES (80, 'TXN80', 'visa', 318);

-- Insert Food Orders
INSERT INTO food_order (reservation_id) VALUES (10);
INSERT INTO food_order (reservation_id) VALUES (73);
INSERT INTO food_order (reservation_id) VALUES (18);
INSERT INTO food_order (reservation_id) VALUES (11);
INSERT INTO food_order (reservation_id) VALUES (42);
INSERT INTO food_order (reservation_id) VALUES (43);
INSERT INTO food_order (reservation_id) VALUES (20);
INSERT INTO food_order (reservation_id) VALUES (14);
INSERT INTO food_order (reservation_id) VALUES (37);
INSERT INTO food_order (reservation_id) VALUES (51);
INSERT INTO food_order (reservation_id) VALUES (54);
INSERT INTO food_order (reservation_id) VALUES (74);
INSERT INTO food_order (reservation_id) VALUES (57);
INSERT INTO food_order (reservation_id) VALUES (15);
INSERT INTO food_order (reservation_id) VALUES (41);
INSERT INTO food_order (reservation_id) VALUES (75);
INSERT INTO food_order (reservation_id) VALUES (25);
INSERT INTO food_order (reservation_id) VALUES (62);
INSERT INTO food_order (reservation_id) VALUES (59);
INSERT INTO food_order (reservation_id) VALUES (55);
INSERT INTO food_order (reservation_id) VALUES (8);
INSERT INTO food_order (reservation_id) VALUES (72);
INSERT INTO food_order (reservation_id) VALUES (63);
INSERT INTO food_order (reservation_id) VALUES (22);
INSERT INTO food_order (reservation_id) VALUES (49);
INSERT INTO food_order (reservation_id) VALUES (40);
INSERT INTO food_order (reservation_id) VALUES (1);
INSERT INTO food_order (reservation_id) VALUES (12);
INSERT INTO food_order (reservation_id) VALUES (17);
INSERT INTO food_order (reservation_id) VALUES (61);
INSERT INTO food_order (reservation_id) VALUES (44);
INSERT INTO food_order (reservation_id) VALUES (52);
INSERT INTO food_order (reservation_id) VALUES (34);
INSERT INTO food_order (reservation_id) VALUES (29);
INSERT INTO food_order (reservation_id) VALUES (68);
INSERT INTO food_order (reservation_id) VALUES (38);
INSERT INTO food_order (reservation_id) VALUES (69);
INSERT INTO food_order (reservation_id) VALUES (30);
INSERT INTO food_order (reservation_id) VALUES (76);
INSERT INTO food_order (reservation_id) VALUES (28);

-- Insert Feedback
INSERT INTO feedback (reservation_id, feedback_response, rating) VALUES (19, 'Very good stay!', 1);
INSERT INTO feedback (reservation_id, feedback_response, rating) VALUES (28, 'Very good stay!', 5);
INSERT INTO feedback (reservation_id, feedback_response, rating) VALUES (47, 'Very good stay!', 4);
INSERT INTO feedback (reservation_id, feedback_response, rating) VALUES (52, 'Very good stay!', 1);
INSERT INTO feedback (reservation_id, feedback_response, rating) VALUES (64, 'Very good stay!', 3);
INSERT INTO feedback (reservation_id, feedback_response, rating) VALUES (39, 'Very good stay!', 4);
INSERT INTO feedback (reservation_id, feedback_response, rating) VALUES (24, 'Very good stay!', 2);
INSERT INTO feedback (reservation_id, feedback_response, rating) VALUES (55, 'Very good stay!', 4);
INSERT INTO feedback (reservation_id, feedback_response, rating) VALUES (48, 'Very good stay!', 4);
INSERT INTO feedback (reservation_id, feedback_response, rating) VALUES (76, 'Very good stay!', 5);
INSERT INTO feedback (reservation_id, feedback_response, rating) VALUES (29, 'Very good stay!', 5);
INSERT INTO feedback (reservation_id, feedback_response, rating) VALUES (32, 'Very good stay!', 3);
INSERT INTO feedback (reservation_id, feedback_response, rating) VALUES (58, 'Very good stay!', 3);
INSERT INTO feedback (reservation_id, feedback_response, rating) VALUES (18, 'Very good stay!', 3);
INSERT INTO feedback (reservation_id, feedback_response, rating) VALUES (23, 'Very good stay!', 2);
INSERT INTO feedback (reservation_id, feedback_response, rating) VALUES (26, 'Very good stay!', 1);
INSERT INTO feedback (reservation_id, feedback_response, rating) VALUES (21, 'Very good stay!', 3);
INSERT INTO feedback (reservation_id, feedback_response, rating) VALUES (38, 'Very good stay!', 3);
INSERT INTO feedback (reservation_id, feedback_response, rating) VALUES (72, 'Very good stay!', 4);
INSERT INTO feedback (reservation_id, feedback_response, rating) VALUES (56, 'Very good stay!', 4);
INSERT INTO feedback (reservation_id, feedback_response, rating) VALUES (43, 'Very good stay!', 2);
INSERT INTO feedback (reservation_id, feedback_response, rating) VALUES (61, 'Very good stay!', 3);
INSERT INTO feedback (reservation_id, feedback_response, rating) VALUES (3, 'Very good stay!', 2);
INSERT INTO feedback (reservation_id, feedback_response, rating) VALUES (2, 'Very good stay!', 4);
INSERT INTO feedback (reservation_id, feedback_response, rating) VALUES (11, 'Very good stay!', 5);
INSERT INTO feedback (reservation_id, feedback_response, rating) VALUES (73, 'Very good stay!', 5);
INSERT INTO feedback (reservation_id, feedback_response, rating) VALUES (63, 'Very good stay!', 5);
INSERT INTO feedback (reservation_id, feedback_response, rating) VALUES (13, 'Very good stay!', 3);
INSERT INTO feedback (reservation_id, feedback_response, rating) VALUES (14, 'Very good stay!', 1);
INSERT INTO feedback (reservation_id, feedback_response, rating) VALUES (79, 'Very good stay!', 4);
INSERT INTO feedback (reservation_id, feedback_response, rating) VALUES (74, 'Very good stay!', 2);
INSERT INTO feedback (reservation_id, feedback_response, rating) VALUES (51, 'Very good stay!', 3);
INSERT INTO feedback (reservation_id, feedback_response, rating) VALUES (69, 'Very good stay!', 2);
INSERT INTO feedback (reservation_id, feedback_response, rating) VALUES (71, 'Very good stay!', 3);
INSERT INTO feedback (reservation_id, feedback_response, rating) VALUES (33, 'Very good stay!', 5);
INSERT INTO feedback (reservation_id, feedback_response, rating) VALUES (53, 'Very good stay!', 3);
INSERT INTO feedback (reservation_id, feedback_response, rating) VALUES (41, 'Very good stay!', 3);
INSERT INTO feedback (reservation_id, feedback_response, rating) VALUES (8, 'Very good stay!', 1);
INSERT INTO feedback (reservation_id, feedback_response, rating) VALUES (35, 'Very good stay!', 3);
INSERT INTO feedback (reservation_id, feedback_response, rating) VALUES (1, 'Very good stay!', 2);
INSERT INTO feedback (reservation_id, feedback_response, rating) VALUES (49, 'Very good stay!', 4);
INSERT INTO feedback (reservation_id, feedback_response, rating) VALUES (34, 'Very good stay!', 2);
INSERT INTO feedback (reservation_id, feedback_response, rating) VALUES (30, 'Very good stay!', 5);
INSERT INTO feedback (reservation_id, feedback_response, rating) VALUES (12, 'Very good stay!', 1);
INSERT INTO feedback (reservation_id, feedback_response, rating) VALUES (22, 'Very good stay!', 2);
INSERT INTO feedback (reservation_id, feedback_response, rating) VALUES (10, 'Very good stay!', 1);
INSERT INTO feedback (reservation_id, feedback_response, rating) VALUES (62, 'Very good stay!', 5);
INSERT INTO feedback (reservation_id, feedback_response, rating) VALUES (77, 'Very good stay!', 2);
INSERT INTO feedback (reservation_id, feedback_response, rating) VALUES (31, 'Very good stay!', 2);
INSERT INTO feedback (reservation_id, feedback_response, rating) VALUES (57, 'Very good stay!', 5);
